r_profile,Uz_zd25,Ur_zd25,Uz_zd35,Ur_zd35,Uz_zd45,Ur_zd45,Uz_zd55,Ur_zd55,Uz_zd65,Ur_zd65
0.0,0.27532093,-0.00011503829,0.19570766,5.516657e-05,0.15265793,-0.00012137154,0.15265793,0.00018475088,0.10483218,-0.00022687475
0.0371000886,0.275260027,0.000194610811,0.19569357,8.69776347e-05,0.152650142,6.20660519e-05,0.152650142,4.87279243e-05,0.104828011,2.35634052e-05
0.0755173554,0.275051872,0.000404772514,0.195648693,0.000187664549,0.152626381,0.00012412482,0.152626381,8.87328719e-05,0.104814396,7.62307594e-05
0.115298564,0.274675777,0.000621011146,0.195555859,0.000292335457,0.152585269,0.000189538294,0.152585269,0.000145786038,0.104792199,0.000105509422
0.15649214,0.274122612,0.000841398317,0.195402178,0.000400064254,0.152522533,0.000258521541,0.152522533,0.000198438365,0.104761758,0.000141117288
0.199148226,0.273374431,0.00106923834,0.195179892,0.000514328793,0.152432553,0.000329233909,0.152432553,0.000249799398,0.104723051,0.000179777016
0.243318747,0.272415141,0.00130175023,0.194883663,0.000635087613,0.152308335,0.000402943862,0.152308335,0.000301851541,0.104675959,0.000218531511
0.289057471,0.271238244,0.00153973326,0.194505616,0.000760283408,0.152141187,0.00047930758,0.152141187,0.000355203878,0.104620448,0.000257360908
0.336420073,0.269831453,0.0017816347,0.194032996,0.000888135137,0.151922213,0.000558207462,0.151922213,0.000410197172,0.104556536,0.000296352404
0.385464207,0.268174409,0.0020267049,0.193453859,0.00101860037,0.151645308,0.000640445119,0.151645308,0.000466426023,0.104483957,0.000335309312
0.436249572,0.266249307,0.00227321061,0.192765173,0.00115105755,0.151309123,0.000726309343,0.151309123,0.00052325124,0.104401604,0.000374661686
0.48883799,0.264035048,0.00251580631,0.191963184,0.00128631213,0.150916062,0.000815426807,0.150916062,0.000581112801,0.104306954,0.000415299113
0.543293473,0.261514996,0.00275170887,0.191039064,0.00142440433,0.150466735,0.000906612145,0.150466735,0.000640863497,0.104195834,0.00045751872
0.599682309,0.258663954,0.00298258418,0.189977481,0.00156499327,0.149954271,0.000998668115,0.149954271,0.000701390844,0.104062975,0.00050090642
0.658073138,0.255478704,0.00320840174,0.18877188,0.00170767202,0.149367011,0.00109065743,0.149367011,0.000763397271,0.103904164,0.000545747477
0.718537039,0.251964229,0.00342480275,0.187424491,0.00185071366,0.14869724,0.00118227076,0.14869724,0.000827232352,0.103716266,0.00059281798
0.781147611,0.248102974,0.00362972074,0.185943468,0.00199160501,0.147942482,0.00127344597,0.147942482,0.00089286702,0.103495116,0.00064168821
0.84598107,0.243887035,0.00382350792,0.18431814,0.00213136235,0.147102312,0.00136402888,0.147102312,0.000960136688,0.103233833,0.000692769169
0.913116334,0.239285859,0.00400504814,0.182528002,0.00227221561,0.146174277,0.00145464776,0.146174277,0.00102890349,0.102928932,0.000745895983
0.982635127,0.234307863,0.00416880694,0.180550579,0.00241491404,0.145158093,0.00154696871,0.145158093,0.00109887231,0.102578825,0.000800627618
1.05462207,0.228984594,0.00431242352,0.178361135,0.00255780054,0.144048399,0.00164080011,0.144048399,0.00117009577,0.102183923,0.000856783739
1.12916479,0.223318409,0.00443456191,0.1759682,0.00269737669,0.142838327,0.00173489033,0.142838327,0.00124170085,0.101746712,0.000914059086
1.20635403,0.217305099,0.00453201247,0.173392403,0.0028307398,0.141521401,0.00182722958,0.141521401,0.00131364284,0.10126882,0.000972068756
1.28628375,0.210939867,0.00460029326,0.17062787,0.00295536254,0.140099521,0.00191589706,0.140099521,0.00138493598,0.100752024,0.0010309919
1.36905124,0.204251605,0.00464013902,0.167672362,0.00306893684,0.138561177,0.00200057884,0.138561177,0.00145495201,0.100197612,0.00108973129
1.45475726,0.197273969,0.00464718922,0.164502053,0.00317011538,0.136895277,0.0020818287,0.136895277,0.00152322447,0.0996067715,0.00114760071
1.54350612,0.190026488,0.00461969455,0.161096691,0.00325908281,0.1351058,0.00215852886,0.1351058,0.00158988745,0.0989799774,0.00120391711
1.63540588,0.182529031,0.00455811846,0.157482509,0.00333399358,0.133193769,0.00223173124,0.133193769,0.00165576295,0.098311729,0.0012594181
1.73056838,0.174779431,0.00446408546,0.153689332,0.00339170724,0.131144293,0.00230026371,0.131144293,0.00171925948,0.0975931347,0.00131485092
1.82910947,0.166782836,0.00433090914,0.149709456,0.00343219918,0.128946194,0.00236416664,0.128946194,0.00177961692,0.096816664,0.00136964384
1.93114911,0.158601495,0.00414983693,0.14552684,0.00345378108,0.1265956,0.00242466203,0.1265956,0.00183640912,0.0959771692,0.00142356437
2.03681149,0.15026339,0.0039175635,0.141140469,0.00345662729,0.124101169,0.00247853456,0.124101169,0.00188884473,0.0950668734,0.00147698891
2.14622524,0.141776405,0.00363569226,0.136556324,0.00343899001,0.121471382,0.00252141682,0.121471382,0.00193681501,0.0940734421,0.00152991455
2.25952355,0.13316778,0.00330523277,0.131805318,0.00340030796,0.118699328,0.0025493546,0.118699328,0.0019812716,0.0929924788,0.00158134518
2.37684433,0.124436004,0.00293014778,0.126906975,0.00333887117,0.115780171,0.00256417255,0.115780171,0.00202088029,0.0918280287,0.00163154758
2.4983304,0.115607922,0.00251964144,0.12186937,0.00325397104,0.112717148,0.00257086568,0.112717148,0.00205399415,0.090578038,0.00168054541
2.62412963,0.106737311,0.00206523489,0.116684985,0.00314551961,0.109519647,0.00256987883,0.109519647,0.00208325425,0.0892399132,0.00172782096
2.75439515,0.0978411683,0.00156374161,0.111382368,0.00301260586,0.106195604,0.00256196051,0.106195604,0.00211029491,0.0878139645,0.00177487566
2.88928554,0.0889854017,0.00101646095,0.105978594,0.00284951552,0.102778955,0.00254635642,0.102778955,0.00213206236,0.0863008291,0.00182258991
3.02896499,0.0801954663,0.000431928928,0.100440705,0.00265753406,0.0992658374,0.00251655637,0.0992658374,0.00214491855,0.0847024113,0.00186626666
3.17360354,0.07151024,-0.00020448933,0.0947859627,0.00244005784,0.0956476765,0.00247211526,0.0956476765,0.0021505295,0.0830158992,0.00190325446
3.32337723,0.0629952411,-0.00087611193,0.089061832,0.00219481752,0.0919457855,0.00241555656,0.0919457855,0.0021488474,0.0812340472,0.0019311044
3.4784684,0.0547215978,-0.00155946,0.0832484743,0.00191134517,0.0881759689,0.00234076007,0.0881759689,0.00213741125,0.0793648308,0.00194958897
3.63906583,0.0467639854,-0.0022526139,0.0773724099,0.00159185873,0.0843447917,0.00224314596,0.0843447917,0.00211805303,0.077412074,0.00195501562
3.80536501,0.0391885082,-0.0029449224,0.0714905408,0.0012374804,0.0804380997,0.00212316783,0.0804380997,0.00208778696,0.0753922462,0.00194778182
3.97756837,0.0320820182,-0.0036238403,0.0656180419,0.000861363348,0.0764007319,0.00198162331,0.0764007319,0.00204005893,0.0733094392,0.0019297422
4.15588552,0.0255744495,-0.0042607398,0.05975741,0.000476100052,0.072273227,0.00181983492,0.072273227,0.00197580587,0.0711520272,0.0019057232
4.34053354,0.0197636356,-0.0048557351,0.0539750879,7.09968793e-05,0.0680879038,0.00164158608,0.0680879038,0.00189911367,0.0689107723,0.00187902652
4.53173718,0.0147984839,-0.0053653807,0.0482983637,-0.0003504797,0.0638197934,0.00143988682,0.0638197934,0.00181217364,0.0665879015,0.00185183912
4.72972919,0.010698078,-0.0057681195,0.0427462934,-0.00080406645,0.0594410704,0.0012078339,0.0594410704,0.00170056864,0.0642107259,0.00182012809
4.93475059,0.00743996829,-0.0060595248,0.0373335797,-0.0012871375,0.0550271413,0.000951014112,0.0550271413,0.00157810702,0.0617921375,0.0017815652
5.14705094,0.00493093377,-0.006240752,0.0321479217,-0.0017709989,0.0506126855,0.000683243353,0.0506126855,0.00144053359,0.0593211432,0.00172984922
5.36688866,0.00312307754,-0.0063220426,0.0271936486,-0.0022510219,0.0462890277,0.000399111391,0.0462890277,0.00128241693,0.0567817056,0.00166050246
5.59453137,0.0019273558,-0.0063088812,0.0224377062,-0.002719289,0.0420113621,8.86329602e-05,0.0420113621,0.0011032631,0.0541773858,0.00156957367
5.83025615,0.00120029777,-0.0062184283,0.0179974887,-0.0031788071,0.0377250951,-0.00025753584,0.0377250951,0.000900852006,0.0515133323,0.00146776482
6.07434996,0.000779733095,-0.0060709817,0.0140311493,-0.0036160411,0.0335063404,-0.00061884961,0.0335063404,0.000690533542,0.0487949555,0.00135927671
6.32710993,0.000550400337,-0.0058858184,0.0106208329,-0.003987533,0.0293783435,-0.00098832594,0.0293783435,0.000473337549,0.0459948713,0.00123014066
6.58884372,0.00043343076,-0.0056872768,0.00777681924,-0.0042799168,0.0253601181,-0.001346602,0.0253601181,0.000241711507,0.0431389239,0.00108632502
6.85986994,0.00037731516,-0.005483412,0.00549198781,-0.004481062,0.0215000792,-0.0017131339,0.0215000792,-8.8083285e-07,0.0402446343,0.000933752454
7.1405185,0.000349132731,-0.0052825235,0.00378473234,-0.0046000147,0.0179052836,-0.0020688664,0.0179052836,-0.00024529939,0.0373569164,0.000769003361
7.43113104,0.000333973168,-0.0050884197,0.00260466392,-0.0046399608,0.014615746,-0.002404909,0.014615746,-0.00050182224,0.0344984299,0.000595619196
7.7320613,0.000324139221,-0.0049023395,0.00183145979,-0.0046119991,0.0116179136,-0.0027170185,0.0116179136,-0.00076695856,0.0316754427,0.000421349292
8.04367559,0.000314638902,-0.0047250409,0.00134575504,-0.0045314881,0.00898369758,-0.0029979261,0.00898369758,-0.0010495624,0.0288744987,0.000236974368
8.36635324,0.000306325749,-0.0045557028,0.0010540247,-0.004423521,0.00673830377,-0.0032444374,0.00673830377,-0.0013430893,0.0261149643,2.98812939e-05
8.70048704,0.000297993096,-0.0043942407,0.000879417478,-0.0042924094,0.00488772809,-0.0034479145,0.00488772809,-0.0016367919,0.0234721479,-0.00019498735
9.04648371,0.000287953852,-0.0042404382,0.000782958832,-0.0041486255,0.00342511906,-0.0035795046,0.00342511906,-0.0019104455,0.0208754666,-0.00042383361
9.40476442,0.000276591391,-0.0040943656,0.000735169599,-0.0040014365,0.00234664161,-0.0036438212,0.00234664161,-0.0021620705,0.0182630535,-0.00066995275
9.77576531,0.00026438263,-0.0039557055,0.000704175971,-0.0038565845,0.00161832948,-0.0036438037,0.00161832948,-0.0023736081,0.0157045637,-0.00090988395
10.1599379,0.00025141007,-0.0038241748,0.000683631843,-0.0037153113,0.00116904482,-0.003600057,0.00116904482,-0.0025474923,0.013200369,-0.0011525112
10.55775,0.00023764975,-0.0036995787,0.000668312769,-0.0035796117,0.000903900218,-0.0035182144,0.000903900218,-0.0026843199,0.0108274895,-0.0013844453
10.9696858,0.000222993709,-0.0035815844,0.000656098714,-0.003449716,0.000754574476,-0.0034090109,0.000754574476,-0.0027785572,0.00868338391,-0.0015919989
11.3962466,0.000207412309,-0.0034701821,0.000644150056,-0.0033254117,0.000679923744,-0.003284509,0.000679923744,-0.0028238606,0.00680179863,-0.0017718009
11.8379519,0.000190885936,-0.0033650972,0.000631972217,-0.0032067629,0.000647172297,-0.0031577488,0.000647172297,-0.0028300009,0.00511564682,-0.0019305657
12.2953391,0.0001734784,-0.0032662659,0.000619436868,-0.0030936314,0.000625628104,-0.0030347331,0.000625628104,-0.0028101673,0.00365124504,-0.0020668251
12.7689651,0.000155362444,-0.0031735222,0.000608185915,-0.0029857413,0.000613855911,-0.002916375,0.000613855911,-0.0027569598,0.00247038854,-0.0021703266
13.2594064,0.000137090608,-0.0030864157,0.000598530097,-0.0028833817,0.000607380672,-0.002802201,0.000607380672,-0.0026629983,0.00155558652,-0.0022290664
13.7672601,0.0,0.0,0.000588736799,-0.0027864425,0.000601891717,-0.0026912699,0.000601891717,-0.0025558094,0.000850109394,-0.0022394272
14.2931443,0.0,0.0,0.00057670864,-0.0026947413,0.000593771961,-0.0025843848,0.000593771961,-0.0024456785,0.000316125847,-0.0022066317
14.8376991,0.0,0.0,0.000563294972,-0.0026078535,0.000582991079,-0.0024816869,0.000582991079,-0.0023365614,-6.0282893e-05,-0.0021294067
15.4015875,0.0,0.0,0.000548878548,-0.0025247781,0.000570613384,-0.0023831508,0.000570613384,-0.0022236761,-0.0003242315,-0.0020219488
15.9854958,0.0,0.0,0.000532228287,-0.0024446641,0.00055735599,-0.0022886962,0.00055735599,-0.0021108184,-0.00049893826,-0.0018974161
16.5901348,0.0,0.0,0.000513918123,-0.0023674234,0.00054318011,-0.0021981531,0.00054318011,-0.0020031839,-0.00058763488,-0.001754941
17.2162405,0.0,0.0,1.6946266e-05,-7.686768e-05,0.000527819629,-0.0021114877,0.000527819629,-0.0019030177,-0.00060920001,-0.0016017744
17.8645751,0.0,0.0,0.0,0.0,0.000510952656,-0.0020286317,0.000510952656,-0.0018045231,-0.00058190922,-0.0014538535
18.5359277,0.0,0.0,0.0,0.0,0.000492232428,-0.0019494584,0.000492232428,-0.0017088261,-0.00053461372,-0.0013131484
19.2311156,0.0,0.0,0.0,0.0,0.000471425667,-0.0018739499,0.000471425667,-0.0016159629,-0.00048088402,-0.0011807499
19.9509851,0.0,0.0,0.0,0.0,0.000448839099,-0.001801754,0.000448839099,-0.0015240994,-0.00042692219,-0.0010558777
20.6964123,0.0,0.0,0.0,0.0,0.000425556366,-0.0017323226,0.000425556366,-0.0014380619,-0.00037170489,-0.00093967944
21.4683047,0.0,0.0,0.0,0.0,0.0,0.0,0.0,-0.0013627588,-0.00031444635,-0.00083297158
22.2676019,0.0,0.0,0.0,0.0,0.0,0.0,0.0,-0.0012991753,-0.0002541797,-0.00073592891
23.0952768,0.0,0.0,0.0,0.0,0.0,0.0,0.0,-0.0012441608,-0.0001923658,-0.00064860765
23.952337,0.0,0.0,0.0,0.0,0.0,0.0,0.0,-0.0011935204,-0.00013095044,-0.00057094768
24.8398257,0.0,0.0,0.0,0.0,0.0,0.0,0.0,0.0,-7.3028535e-05,-0.00050311708
25.7588232,0.0,0.0,0.0,0.0,0.0,0.0,0.0,0.0,-2.293275e-05,-0.00044557981
26.7104482,0.0,0.0,0.0,0.0,0.0,0.0,0.0,0.0,1.44235869e-05,-0.00039892123
27.6958592,0.0,0.0,0.0,0.0,0.0,0.0,0.0,0.0,3.34113804e-05,-0.00036381202
28.7162555,0.0,0.0,0.0,0.0,0.0,0.0,0.0,0.0,0.0,0.0
29.7728793,0.0,0.0,0.0,0.0,0.0,0.0,0.0,0.0,0.0,0.0
30.8670168,0.0,0.0,0.0,0.0,0.0,0.0,0.0,0.0,0.0,0.0
32.0,0.0,0.0,0.0,0.0,0.0,0.0,0.0,0.0,0.0,0.0
