x-coordinate,axial-velocity,turb-kinetic-energy,uu,vv,uv
0.0,1.720682872,0.01291367001,0.009086375473128992,0.008381259730637233,0.0005317325039565625
0.004239977228,1.719304177,0.01293867214,0.009089220289653189,0.008396320130666754,0.00047253861868651185
0.008526594205,1.717906349,0.01296769117,0.009088610425314898,0.008420137625454079,0.0004183162722587136
0.01286036397,1.716524469,0.01299667501,0.009113773741939361,0.008443275739388169,0.00041566540012378725
0.0172418052,1.715141941,0.01302627458,0.009131033544526376,0.00846404755289462,0.0004163193199589321
0.02167144228,1.713752017,0.01305661612,0.009150776174065775,0.0084843432954939,0.0004191313972392429
0.02614980538,1.712346211,0.01308775881,0.009173013216681755,0.008504917848943644,0.0004233973060392755
0.03067743046,1.71092421,0.01311974468,0.009194998571889264,0.00852608391787561,0.0004277159258710886
0.03525485943,1.709488439,0.01315260974,0.0092166079529069,0.008548124859773458,0.00043163459767580405
0.03988264011,1.708041274,0.01318638623,0.009238034892889064,0.00857118691532551,0.0004351102020004048
0.04456132638,1.706585497,0.01322110414,0.00925916613803349,0.00859532329175147,0.0004380739668099111
0.04929147819,1.705124167,0.01325679599,0.009280020260466539,0.008620544990643379,0.00044048499497598734
0.05407366168,1.7036601,0.01329349408,0.009300788686383699,0.008646806757920466,0.0004423715764949367
0.05890844919,1.70219545,0.01333122383,0.009321766583164028,0.00867399310660555,0.00044382881068094865
0.06379641936,1.700731332,0.01337000292,0.009343339058562052,0.00870192946652896,0.0004450199076033734
0.0687381572,1.699267525,0.01340984259,0.00936594025970804,0.008730414146345226,0.00044615895876219035
0.07373425415,1.697802379,0.01345074941,0.009389971541007555,0.008759264533526738,0.00044747571125986185
0.07878530818,1.696333029,0.01349272696,0.009415714828610696,0.008788356153986703,0.0004491766801846773
0.08389192379,1.694855855,0.01353577735,0.009443286115197713,0.008817635309562526,0.00045140980801107
0.08905471218,1.693367017,0.01357990255,0.009472646511759062,0.008847113503285303,0.00045424431828749697
0.09427429125,1.691862921,0.0136251056,0.009503645280663674,0.008876857433699627,0.00045766854521728684
0.09955128568,1.690340534,0.01367139164,0.009536073583395529,0.008906968740106077,0.00046160379078065655
0.104886327,1.688797524,0.01371876902,0.009569722411649094,0.008937555478105114,0.0004659362408035495
0.1102800539,1.687232209,0.01376725021,0.009604425441909203,0.008968711677592556,0.00047055369957176545
0.1157331117,1.68564341,0.01381685272,0.009640073505082239,0.009000510340126694,0.0004753677484152821
0.1212461531,1.684030286,0.01386759982,0.00967661002345677,0.009033004628492974,0.00048031946392518336
0.1268198381,1.68239218,0.01391952109,0.009714020200715549,0.009066233065200444,0.0004853765774886823
0.1324548335,1.680728516,0.0139726528,0.009752319028990868,0.009100225821941062,0.0004905270890415088
0.1381518139,1.679038722,0.01402703813,0.0097915408240654,0.009135010024655988,0.0004957722455605266
0.1439114611,1.677322187,0.01408272728,0.009831731885401786,0.009170613487206727,0.0005011208736962604
0.1497344644,1.675578245,0.01413977743,0.009872945933138363,0.009207067021347173,0.0005065855052421906
0.1556215207,1.673806161,0.01419825259,0.009915241481528897,0.009244405656847967,0.0005121799333405302
0.1615733347,1.672005136,0.01425822925,0.009958684275036045,0.009282673154559625,0.0005179175428255619
0.1675906186,1.670174306,0.01431979116,0.010003343871524939,0.009321918654631419,0.0005238109217345233
0.1736740926,1.668312746,0.01438302062,0.01004928825047754,0.00936219067033191,0.0005298720498260036
0.1798244849,1.66641947,0.01444800324,0.010096586941184605,0.009403540195788438,0.0005361121104181745
0.1860425314,1.664493436,0.01451483051,0.010145312898956453,0.00944602234820899,0.0005425415139932702
0.1923289765,1.662533543,0.01458359991,0.010195542658016714,0.009489696428979365,0.0005491698835576049
0.1986845725,1.660538638,0.01465441461,0.010247356147652462,0.009534625743871384,0.0005560060056972949
0.20511008,1.65850751,0.01472738297,0.010300836391016754,0.00958087724063077,0.00056305785193855
0.2116062681,1.656438897,0.01480261809,0.01035606928832269,0.00962852110234952,0.0005703326103806047
0.2181739143,1.654331485,0.01488023737,0.0104131434840483,0.009677630418062634,0.0005778366032410221
0.2248138046,1.652183907,0.01496036203,0.010472150270106896,0.009728280822516188,0.0005855752750679121
0.2315267336,1.649994745,0.01504311686,0.010533183523988805,0.009780550280901442,0.0005935533378810449
0.2383135049,1.647762529,0.01512862984,0.010596339399852737,0.009834518804969794,0.0006017748387733593
0.2451749307,1.645485735,0.01521703203,0.010661716318052988,0.009890268231695972,0.0006102431595951911
0.2521118322,1.643162788,0.01530845745,0.010729415146229989,0.009947882068034852,0.0006189610497299133
0.2591250396,1.640792059,0.01540304314,0.010799539533109317,0.010007445444279948,0.0006279305611491176
0.2662153922,1.638371861,0.01550092937,0.01087219590968133,0.01006904565606058,0.000637152946032983
0.2733837388,1.635900451,0.01560226001,0.010947493470727815,0.01013277249079686,0.0006466288119936096
0.2806309371,1.633376028,0.01570718316,0.011025545382895175,0.010198717544005635,0.0006563585672997555
0.2879578547,1.630796726,0.01581585197,0.01110647030799124,0.010266974498042461,0.0006663427183152407
0.2953653683,1.628160607,0.01592842578,0.011190392970999283,0.010337640483107435,0.0006765821682984856
0.3028543646,1.625465659,0.01604507166,0.011277444708918727,0.01041081687103211,0.0006870783673123563
0.3104257398,1.622709785,0.01616596615,0.011367765090332212,0.01048660997604974,0.0006978328435428829
0.3180804002,1.619890799,0.01629129764,0.011461504659954685,0.010565132716155369,0.000708847492545572
0.3258192618,1.61700641,0.01642126904,0.011558827240387473,0.010646506343861545,0.0007201255980370824
0.3336432509,1.614054212,0.01655610112,0.011659912126791589,0.010730862209771807,0.000731672293312155
0.3415533039,1.611031668,0.01669603636,0.011764957209183462,0.010818343893712168,0.0007434948616459246
0.3495503675,1.607936092,0.01684134339,0.011874182837711574,0.010909109918061665,0.0007556033168264372
0.3576353987,1.604764632,0.01699232219,0.011987836337631166,0.011003335969921858,0.0007680113210039488
0.3658093653,1.601514237,0.0171493099,0.012106196920003087,0.011101218387487316,0.0007807366845359691
0.3740732456,1.598181636,0.01731268742,0.012229580994074082,0.011202978996060967,0.0007938014801845349
0.3824280285,1.594763299,0.01748288674,0.012358348111623452,0.011308869200985502,0.000807232520870354
0.3908747141,1.591255401,0.01766039903,0.012492908128332137,0.011419174841110921,0.000821061867935192
0.3994143131,1.587653778,0.0178457835,0.01263372915269345,0.011534220860103089,0.0008353271323950975
0.4080478478,1.58395388,0.01803967684,0.01278134110747128,0.011654385206460055,0.0008500691741142574
0.4167763514,1.580150744,0.01824280352,0.0129363419325622,0.011780105638477907,0.0008653373618608502
0.4256008685,1.576238947,0.0184559865,0.013099416113890372,0.011911859089198977,0.0008811981265134605
0.4345224552,1.572212503,0.01868015851,0.013271346195754716,0.01205017937986978,0.0008977237255769525
0.4435421795,1.568064806,0.01891637321,0.013453010634381455,0.012195684002919108,0.0009149861393730637
0.4526611207,1.563788592,0.0191658164,0.013645390681101339,0.012349069047930171,0.0009330636402413317
0.4618803702,1.559375891,0.01942981684,0.01384958655237006,0.012511115091564442,0.0009520410071246711
0.4712010315,1.554817954,0.01970985619,0.014066826025923684,0.01268269327781158,0.0009720076515153165
0.4806242201,1.550105191,0.02000757756,0.014298474153753408,0.012864768805495837,0.0009930559323358824
0.4901510638,1.545227101,0.02032479184,0.01454602359732113,0.013058406990055695,0.001015276963490687
0.4997827027,1.54017231,0.02066348122,0.014811134420596499,0.013264772459807778,0.0010387666452211523
0.5095202896,1.534928379,0.02102579791,0.015095537627303254,0.013485148933414732,0.0010635704762694924
0.5193649901,1.529482006,0.02141405881,0.015401096666106251,0.013720919979934323,0.0010898666729345031
0.5293179822,1.523819202,0.02183073465,0.015729926476756945,0.01397352482429877,0.001117967181997494
0.5393804572,1.517924836,0.02227842832,0.016084232972720346,0.014244472928431631,0.001148023576723211
0.5495536195,1.511782661,0.02275984322,0.016466275155368616,0.01453534456510457,0.0011800712822506725
0.5598386865,1.505375602,0.02327774134,0.016878357703750253,0.014847759927886417,0.0012141099856590699
0.5702368893,1.498685965,0.02383488939,0.017322789877192574,0.015183342468685959,0.0012501016569155695
0.5807494723,1.491695657,0.02443399154,0.017801834680554775,0.015543677191552224,0.0012879615374709842
0.5913776937,1.484386444,0.02507760862,0.018317643139255036,0.01593026003842703,0.0013275481695384829
0.6021228256,1.476740266,0.02576806225,0.01887217446580887,0.016344440041803795,0.0013686560341515453
0.6129861539,1.468739607,0.02650734163,0.019467112956543776,0.016787368867077417,0.0014110116532434127
0.6239689788,1.460367937,0.02729696885,0.020103750354926734,0.017259926230941684,0.0014542673295053446
0.6350726148,1.451610206,0.028137742,0.020782787185896816,0.01776255167483136,0.0014979830812860552
0.6462983908,1.44245331,0.02902978942,0.021504369465992695,0.018295228758463407,0.001541604833643303
0.6576476503,1.432886582,0.02997260607,0.022268058119226844,0.01885742840955875,0.001584538908167119
0.6691217517,1.422902512,0.03096479519,0.02307261056224378,0.019448184556051816,0.0016262609478114721
0.6807220682,1.412497251,0.03200395868,0.023915852968262707,0.020066255717659347,0.001666187881348846
0.6924499882,1.40167106,0.03308666242,0.024795226037625746,0.02070990852290609,0.0017035103279421121
0.7043069153,1.390426452,0.03420842395,0.025706586093815403,0.021377039617473177,0.0017359535436638786
0.7162942686,1.378774631,0.0353638135,0.026643945035853173,0.02206512306074484,0.0017565272998820067
0.7284134827,1.366732468,0.03654656252,0.027603079420036206,0.022768778755654407,0.0017678916109799608
0.7406660083,1.35431098,0.03774949519,0.028579921910899395,0.02348286575180452,0.0017786605015990076
0.7530533116,1.341522434,0.03896461004,0.029567271830687584,0.024204292468762708,0.001788116386507546
0.7655768753,1.328386712,0.04018342182,0.030556973673395594,0.024928483277742032,0.0017948709656855778
0.7782381981,1.314929391,0.04139727339,0.03154158088838719,0.025650353928936196,0.0017983820928929473
0.7910387955,1.30117915,0.04259748562,0.03251367700025115,0.026364979827968697,0.0017983882650384614
0.8039801995,1.287166829,0.04377551451,0.033465662675247025,0.02706758853897394,0.0017939921232472387
0.8170639589,1.272925104,0.04492314732,0.03439048802179199,0.027753378738919678,0.0017842659307307645
0.8302916397,1.258486508,0.04603273317,0.035282266143809624,0.028417583590665683,0.0017694975842698188
0.843664825,1.24388207,0.04709730506,0.03613571617638495,0.029055892232227442,0.0017503403887050388
0.8571851153,1.229141905,0.04811058443,0.0369460987526607,0.029664344218428278,0.0017272576268568352
0.8708541288,1.214294149,0.04906703481,0.03770897358941166,0.030239464820757424,0.0017006921910110572
0.8846735014,1.19936736,0.0499619204,0.03841974466695872,0.030778988584329633,0.001670709929791157
0.8986448871,1.184390414,0.05079139044,0.03907580131578833,0.0312805922493969,0.0016376861881165078
0.9127699581,1.169387137,0.05155242497,0.039676178266144245,0.031741623580589934,0.0016026596637496112
0.9270504049,1.154378102,0.05224270661,0.04021910191677782,0.03216053101780109,0.0015660903379845807
0.9414879366,1.1393842,0.05286060985,0.04070263213012972,0.03253664512289067,0.0015279672669478404
0.9560842811,1.124426269,0.05340522574,0.04112588116992301,0.03286956716550002,0.0014884222279629425
0.9708411854,1.109523688,0.05387633222,0.04148915148867026,0.03315894835776923,0.0014477989770347352
0.9857604157,1.094693167,0.0542743054,0.04179324970529588,0.03340477453952928,0.0014065280897687894
1.000843758,1.079949887,0.05460002133,0.042038798630236976,0.03360758904191559,0.0013648967136547622
1.016093016,1.065308284,0.05485481219,0.04222718659897774,0.03376795432861048,0.0013230847007156242
1.031510016,1.050779956,0.05504054349,0.04236077320055947,0.03388659360848042,0.0012813914280910112
1.047096604,1.036374231,0.05515957254,0.04244154735982844,0.03396495973538449,0.0012400529414296519
1.062854644,1.022100293,0.05521238528,0.04246976014956587,0.03400338787214364,0.0011991073133121922
1.078786022,1.007966391,0.05520265161,0.04244854719081801,0.03400395032828843,0.0011586577119808163
1.094892646,0.9939795915,0.05513472886,0.04238130678769149,0.03396931615554551,0.0011188450587829007
1.111176442,0.9801467103,0.05500937629,0.042268794448700964,0.03389988622258222,0.001079728198932239
1.12763936,0.966472955,0.0548299757,0.04211420030101725,0.03379742678104724,0.0010414320536651822
1.14428337,0.952962107,0.05459968385,0.041920178599180555,0.03366378330713144,0.0010040476242456852
1.161110464,0.9396175368,0.05432082257,0.04168856222820266,0.03350034964736203,0.0009675947985101951
1.178122657,0.9264420471,0.05399655635,0.041421830072878155,0.03330905924697161,0.0009320974693295332
1.195321983,0.9134381848,0.05362992286,0.041122395899726855,0.03309174537267415,0.0008975675624958385
1.212710502,0.9006077796,0.05322387105,0.04079279555835036,0.03285008312413159,0.0008640327666510692
1.230290295,0.8879518486,0.05278124963,0.04043540511310655,0.03258574741446204,0.0008315213209768626
1.248063465,0.8754709843,0.05230485073,0.04005242436704632,0.03230042263476336,0.0008000373712684502
1.266032141,0.8631655004,0.05179737819,0.0396459333409575,0.03199577863489411,0.0007695702826225982
1.284198472,0.8510355296,0.05126144146,0.039218000012183514,0.03167339066697245,0.0007401049314295317
1.302564632,0.8390807504,0.05069955913,0.038770699495811904,0.0313347382983742,0.0007116366646541026
1.32113282,0.8273004462,0.05011415202,0.038305955466411856,0.03098128528298224,0.0006841586822503876
1.339905258,0.8156937129,0.04950753629,0.037825537903424244,0.030614459949919813,0.000657651503747329
1.358884194,0.8042595305,0.04888192372,0.037331164779101866,0.03023561908236274,0.0006320900239286055
1.378071897,0.7929966377,0.04823942461,0.036824521311353935,0.02984602731957666,0.0006074551847730195
1.397470665,0.7819035395,0.04758204506,0.036307165122263875,0.029446916785029358,0.0005837285075267153
1.41708282,0.7709786577,0.04691168579,0.03578054818186046,0.029039459700068816,0.0005608842385436542
1.436910708,0.7602202849,0.04623014505,0.03524606660504299,0.028624758146714623,0.0005388970443118011
1.456956703,0.7496265884,0.04553912103,0.034705031495579367,0.028203854647263712,0.0005177432801512391
1.477223204,0.7391956426,0.04484021308,0.03415866141374073,0.027777739889234192,0.0004973979271644092
1.497712636,0.7289254645,0.04413492427,0.033608102366139585,0.027347344163966773,0.00047783464030118193
1.518427452,0.7188139913,0.04342466509,0.03305443333242738,0.0269135385344337,0.0004590284475803613
1.539370132,0.7088591049,0.042710756,0.032498651790620704,0.026477145452558498,0.00044095436735979267
1.56054318,0.699058655,0.04199443068,0.03194169041167107,0.026038931967717907,0.0004235869783860207
1.581949133,0.6894104458,0.04127683953,0.03138441609761586,0.025599615406699094,0.0004069018396395692
1.60359055,0.6799122655,0.04055905288,0.030827629689930088,0.02515986595229684,0.0003908744573619075
1.625470023,0.6705618798,0.03984206472,0.030272077034485756,0.024720304361346434,0.00037548101411805546
1.647590171,0.6613570389,0.03912679597,0.02971844239599084,0.02428151001166715,0.0003606983777143449
1.66995364,0.6522954951,0.03841409789,0.029167356452109352,0.023844018452560217,0.000346503605209033
1.692563107,0.6433749956,0.03770475553,0.02861939964940149,0.023408324786687112,0.00033287456022743355
1.715421279,0.6345932951,0.03699949112,0.028075102943095783,0.022974885726772105,0.00031978964880308803
1.73853089,0.6259481536,0.03629896727,0.027534952435765363,0.02254412075230385,0.00030722796809629966
1.761894707,0.6174373437,0.03560379022,0.026999389750452334,0.022116415438650068,0.0002951692384821534
1.785515526,0.6090586528,0.03491451283,0.026468816022794963,0.021692121855676403,0.00028359379051588735
1.809396174,0.6008098859,0.03423163764,0.025943593707592503,0.021271561466885282,0.00027248260590781714
1.833539509,0.5926888689,0.03355561971,0.025424049241342346,0.020855025911959847,0.0002618172995931987
1.857948421,0.5846934491,0.03288686943,0.024910475177887158,0.02044277940774731,0.00025158014664700216
1.882625831,0.5768214982,0.03222575521,0.024403132336239856,0.020035059735703832,0.00024175403112387743
1.907574692,0.5690709129,0.031572606,0.023902251704087312,0.019632080377305614,0.00023232246784133179
1.932797991,0.5614396171,0.03092771379,0.023408036447777215,0.01923403157800339,0.00022326956576904444
1.958298746,0.5539255619,0.0302913359,0.02292066364522173,0.01884108208182047,0.00021458003717872982
1.98408001,0.5465267282,0.02966369727,0.02244028615994942,0.018453380270988102,0.00020623915157189093
2.010144867,0.5392411254,0.02904499252,0.021967034407439204,0.018071055474577675,0.0001982327677635032
2.036496438,0.532066794,0.02843538805,0.021501017550390272,0.01769421942015099,0.000190547279060605
2.063137876,0.5250018044,0.0278350239,0.021042325432927708,0.01732296710855034,0.00018316960777574207
2.09007237,0.5180442583,0.02724401561,0.020591029641535696,0.016957378194020403,0.00017608719779586265
2.117303143,0.5111922885,0.02666245593,0.020147185052953598,0.016597517868029894,0.00016928798559811604
2.144833455,0.5044440589,0.02609041648,0.019710831037985686,0.016243437959959812,0.00016276039834748268
2.1726666,0.4977977649,0.02552794928,0.01928199256357304,0.015895177904571716,0.00015649332581978232
2.20080591,0.4912516328,0.02497508818,0.018860681381148128,0.015552765559837934,0.00015047610999015468
2.229254752,0.4848039203,0.02443185032,0.01844689701848677,0.015216218208172686,0.00014469852190203742
2.258016532,0.4784529161,0.02389823732,0.018040627802240985,0.014885543175137307,0.0001391507491877491
2.287094691,0.4721969398,0.0233742366,0.01764185176190397,0.01456073877177738,0.00013382338543626026
2.316492709,0.4660343416,0.02285982248,0.017250537543976992,0.014241794870009997,0.0001287074095874755
2.346214107,0.4599635018,0.02235495725,0.016866645130411667,0.01392869368125778,0.00012379417509530174
2.376262439,0.4539828309,0.02185959225,0.016490126688053657,0.01362141034185579,0.00011907539011741525
2.406641303,0.448090769,0.02137366876,0.01612092725836933,0.013319913519692694,0.00011454310666928888
2.437354335,0.4422857857,0.02089711891,0.015758985405203305,0.01302416594422868,0.00011018970484397455
2.468405209,0.4365663791,0.02042986656,0.015404233907417495,0.012734124995249665,0.00010600788326389581
2.499797644,0.4309310761,0.01997182801,0.01505660022931889,0.012449743129321227,0.0001019906444372149
2.531535395,0.4253784314,0.01952291283,0.014716007164580571,0.01217096842884439,9.813128482337092e-05
2.563622262,0.4199070275,0.01908302444,0.014382373238646646,0.011897744942488044,9.442337625737225e-05
2.596062084,0.414515474,0.01865206084,0.014055613295515869,0.011630013161846635,9.086076133153382e-05
2.628858744,0.4092024074,0.01822991515,0.01373563887353925,0.01136771033145468,8.743753767125017e-05
2.662016168,0.4039664902,0.01781647621,0.013422358671722987,0.011110770858638009,8.414804930922898e-05
2.695538323,0.3988064108,0.01741162906,0.013115678842935498,0.010859126595229444,8.098687886428214e-05
2.729429221,0.3937208829,0.01701525545,0.012815503402971072,0.010612707211712293,7.794883457600777e-05
2.76369292,0.3887086449,0.01662723428,0.012521734505943568,0.010371440426590151,7.502894172293753e-05
2.798333519,0.3837684598,0.01624744202,0.012234272799837657,0.010135252318409189,7.222242851305656e-05
2.833355165,0.3788991146,0.01587575308,0.011953017694010035,0.009904067481946159,6.95247259455976e-05
2.868762049,0.3740994196,0.0155120402,0.011677867624966923,0.009677809380375988,6.693145205253755e-05
2.904558409,0.369368208,0.01515617476,0.011408720283647979,0.009456400439541659,6.4438413761215e-05
2.940748529,0.364704336,0.01480802707,0.011145472801656328,0.009239762351267897,6.204158418936127e-05
2.97733674,0.3601066814,0.01446746672,0.010888022053252962,0.009027816162329947,5.973711184220327e-05
3.014327421,0.355574144,0.01413436274,0.010636264648773815,0.008820482549287243,5.752129897491034e-05
3.051725,0.3511056447,0.01380858394,0.010390097366463435,0.008617681833178029,5.539060514234507e-05
3.089533952,0.3467001253,0.01348999907,0.010149417099616734,0.008419334268887444,5.334163143405935e-05
3.127758803,0.3423565479,0.01317847703,0.009914121129592559,0.008225360021848033,5.1371125653476326e-05
3.166404127,0.3380738944,0.01287388709,0.009684107159314795,0.008035679461061679,4.947596683161645e-05
3.20547455,0.3338511666,0.01257609902,0.009459273498776606,0.007850213119368597,4.7653163558930925e-05
3.244974747,0.3296873848,0.01228498326,0.00923951913391906,0.007668881887332015,4.589984734878413e-05
3.284909446,0.3255815887,0.01200041108,0.009024743834367804,0.007491607078993583,4.4213267259009775e-05
3.325283428,0.3215328359,0.01172225467,0.008814848276200857,0.007318310486962362,4.259078779590233e-05
3.366101523,0.3175402021,0.0114503873,0.008609734066507849,0.007148914519541554,4.10298776718908e-05
3.407368617,0.3136027805,0.01118468338,0.008409303869390726,0.0069833421903638115,3.9528114101086704e-05
3.449089649,0.3097196815,0.01092501858,0.008213461372136199,0.0068215172729022095,3.808316904108549e-05
3.491269612,0.3058900326,0.01067126994,0.008022111509226245,0.006663364277907832,3.66928123011858e-05
3.533913555,0.3021129775,0.01042331588,0.007835160327423053,0.006508808553279612,3.53549027955017e-05
3.577026581,0.2983876762,0.01018103633,0.007652515195262311,0.0063577762845260215,3.40673880179855e-05
3.620613851,0.2947133044,0.00994431274,0.007474084707719447,0.006210194576937641,3.282829910557187e-05
3.66468058,0.2910890533,0.009713028183,0.007299778802333686,0.006065991480617409,3.163574666458155e-05
3.709232044,0.2875141292,0.009487067353,0.007129508760384087,0.00592509600121549,3.048791930973383e-05
3.754273574,0.2839877533,0.009266316629,0.0069631872296247056,0.005787438146726493,2.9383076281894917e-05
3.79981056,0.2805091611,0.009050664102,0.006800728257221001,0.005652948936991316,2.8319549374992578e-05
3.845848454,0.2770776024,0.0088399996,0.0066420472182616205,0.0055215604646290705,2.729573681373117e-05
3.892392764,0.2736923411,0.008634214715,0.006487060996261714,0.005393205835528255,2.631010136379805e-05
3.939449061,0.2703526544,0.008433202816,0.006335687870097842,0.005267819241116676,2.5361167948212097e-05
3.987022978,0.2670578331,0.008236859067,0.006187847565452082,0.005145335939022102,2.444751974167469e-05
4.035120208,0.2638071805,0.008045080437,0.00604346123177517,0.005025692280412526,2.3567798444200377e-05
4.083746508,0.260600013,0.007857765701,0.005902451388307637,0.004908825737755723,2.272070010459286e-05
4.132907697,0.2574356597,0.007674815443,0.005764742020623504,0.004794674864924211,2.1904971829767717e-05
4.182609659,0.2543134619,0.007496132064,0.005630258605325369,0.004683179291504144,2.1119409563816976e-05
4.232858342,0.2512327725,0.007321619769,0.005498928038585802,0.004574279738869579,2.036285858445388e-05
4.283659761,0.2481929561,0.007151184569,0.005370678555720231,0.0044679180610349865,1.963421107290245e-05
4.335019996,0.2451933892,0.006984734265,0.00524543980748933,0.004364037196894899,1.8932401897554066e-05
4.386945193,0.2422334594,0.006822178445,0.005123142875753439,0.004262581160337066,1.8256408256023324e-05
4.439441567,0.2393125652,0.00666342847,0.005003720250207359,0.004163495038867407,1.760524832218277e-05
4.492515402,0.2364301158,0.006508397457,0.004887105759662399,0.004066725003378856,1.697797814887678e-05
4.546173048,0.2335855312,0.006357000269,0.004773234581677052,0.00397221829186485,1.6373691328862464e-05
4.600420929,0.2307782416,0.006209153493,0.004662043205932435,0.0038799232136096018,1.5791517812378406e-05
4.655265537,0.2280076875,0.006064775426,0.0045534694454203,0.0037897891308369827,1.5230620920131729e-05
4.710713435,0.2252733196,0.005923786054,0.004447452592921741,0.0037017663632216095,1.4690196081454311e-05
4.76677126,0.2225745972,0.005786107034,0.0043439331248513015,0.0036158062995267012,1.4169472270411322e-05
4.823445721,0.21991099,0.00565166167,0.004242852659312443,0.003531861397999767,1.3667710252653782e-05
4.880743601,0.2172819769,0.00552037489,0.004144154227857367,0.003449885054460126,1.3184196205655243e-05
4.938671758,0.2146870457,0.00539217323,0.004047782091127137,0.00336983164969816,1.2718243775147784e-05
4.997237124,0.2121256934,0.005266984803,0.0039536816645706655,0.0032916565565375626,1.2269194764912747e-05
5.000000042,0.2120077255,0.005261280767,0.003949394494151756,0.003288094427869357,1.2249004582064536e-05
5.05644671,0.2095974256,0.005144739281,0.003861799635970098,0.0032153160820652805,1.183641634477418e-05
5.116307601,0.2071017561,0.005025367869,0.0037720838599903843,0.0031407674841347024,1.1419300808220264e-05
5.176826962,0.2046382075,0.004908803277,0.0036844832669891145,0.003067968978880706,1.101726299670216e-05
5.238012036,0.2022063106,0.004794979701,0.0035989479944932116,0.0029968796724220478,1.0629740593246476e-05
5.299870145,0.1998056042,0.004683832796,0.0035154292866178315,0.002927459576991596,1.0256192911813041e-05
5.362408694,0.1974356354,0.004575299646,0.0034338794103161525,0.0028596696129315163,9.896101605533672e-06
5.425635167,0.1950959591,0.00446931875,0.003354251872295294,0.0027934715159511135,9.548967180294259e-06
5.489557131,0.192786137,0.004365829987,0.0032765012152116946,0.0027288278774012537,9.214308338854475e-06
5.554182237,0.1905057387,0.004264774595,0.0032005829240178275,0.0026657021613400913,8.891664055357604e-06
5.619518218,0.1882543409,0.004166095143,0.0031264535121680523,0.0026040586661741204,8.58059128187171e-06
5.685572896,0.186031528,0.004069735507,0.003054070504894986,0.0025438624899678836,8.280661141289497e-06
5.752354175,0.1838368908,0.003975640849,0.002983392565590324,0.002485079447384838,7.991462535945909e-06
5.819870048,0.1816700265,0.003883757588,0.0029143791522956396,0.002427676208395339,7.712601559624254e-06
5.888128596,0.17953054,0.003794033372,0.0028469905030763507,0.002371620273386435,7.443698124846927e-06
5.957137988,0.1774180431,0.003706417059,0.0027811881203562592,0.00231687974255462,7.184384467370526e-06
6.026906483,0.1753321524,0.003620858693,0.0027169344276338774,0.0022634234385365487,6.934309120378332e-06
6.097442431,0.173272491,0.003537309476,0.0026541923679655735,0.0022112210685020332,6.693136668489998e-06
6.168754275,0.17123869,0.00345572174,0.0025929257697849643,0.0021602430314476796,6.460538929564941e-06
6.24085055,0.1692303864,0.003376048935,0.0025330996819755798,0.00211046024225668,6.236201554115915e-06
6.313739883,0.1672472212,0.003298245601,0.002474679962511934,0.002061844306254702,6.019825641614892e-06
6.387430999,0.1652888418,0.003222267339,0.002417632874990969,0.002014367671633328,5.811121199654482e-06
6.461932717,0.1633549029,0.003148070788,0.0023619255393306396,0.00196800339094941,5.609807066102276e-06
6.537253954,0.1614450646,0.003075613614,0.0023075262358027877,0.0019227249892477016,5.415614289543513e-06
6.613403725,0.1595589906,0.003004854483,0.0022544039355006907,0.0018785066451076863,5.228285076907915e-06
6.690391143,0.1576963506,0.002935753032,0.0022025279800145675,0.001835323295642549,5.047571827249883e-06
6.768225423,0.1558568211,0.002868269851,0.0021518684458685477,0.0017931504726000026,4.873234167484311e-06
6.84691588,0.1540400845,0.002802366463,0.002102396422136375,0.0017519641515107627,4.705040771919127e-06
6.926471932,0.1522458267,0.002738005312,0.002054083864970309,0.001711740796267713,4.542769198326445e-06
6.999999954,0.1506258295,0.002680544421,0.0020109525694140284,0.0016758290705272101,4.399644674817667e-06
7.0069031,0.1504737368,0.002675149731,0.002006903196320372,0.0016724575195573954,4.386207174624077e-06
7.088219012,0.1487235103,0.002613763918,0.001960827070228159,0.0016340921663233247,4.23514848876555e-06
7.170429398,0.1469948498,0.002553812927,0.0019158291063606611,0.001596622968990531,4.08939351766828e-06
7.253544099,0.1452874608,0.002495262646,0.0018718839427820215,0.001560028499493347,3.94875108765582e-06
7.337573061,0.1436010522,0.002438079778,0.0018289663503172227,0.0015242880575060795,3.813038016682488e-06
7.422526342,0.1419353399,0.002382231815,0.0017870516338020664,0.0014893814701295602,3.6820777920383924e-06
7.508414109,0.1402900439,0.002327687032,0.0017461160979664572,0.0014552888567896396,3.555698625112367e-06
7.595246641,0.1386648875,0.00227441446,0.0017061363518591323,0.0014219909230980673,3.43373868893913e-06
7.683034331,0.1370595999,0.002222383871,0.0016670895900750282,0.0013894688296117038,3.3160411069501583e-06
7.771787686,0.1354739127,0.002171565766,0.001628953886035474,0.001357704062482992,3.202449855568086e-06
7.861517328,0.133907561,0.002121931351,0.0015917073622165171,0.001326678751924765,3.0928177672949115e-06
7.952233996,0.1323602872,0.002073452515,0.0015553284919129938,0.0012963755067069388,2.987005571586233e-06
8.043948547,0.1308318383,0.00202610183,0.0015197969177958022,0.0012667770883328586,2.8848765221647097e-06
8.136671958,0.1293219615,0.001979852528,0.0014850928545168918,0.0012378666353028652,2.786301237153018e-06
8.230415327,0.1278304071,0.001934678482,0.001451196420733888,0.001209627936170272,2.6911501736504236e-06
8.325189873,0.126356932,0.001890554191,0.001418088299522944,0.0011820451395768538,2.59930292367302e-06
8.421006939,0.1249012963,0.001847454764,0.0013857497027165435,0.0011551027482136593,2.510642864482464e-06
8.517877992,0.123463266,0.001805355906,0.001354162062978646,0.0011287857042012479,2.4250571530774952e-06
8.615814627,0.1220426114,0.001764233915,0.0013233079617852952,0.0011030790368283187,2.342439539802747e-06
8.714828566,0.1206390997,0.001724065665,0.0012931705745481425,0.0010779680706323827,2.2626819145417324e-06
8.814931657,0.1192525014,0.001684828577,0.0012637323304322012,0.0010534389605297012,2.1856822283608775e-06
8.916135883,0.117882598,0.001646500607,0.001234976031645609,0.0010294782263701137,2.111343868504245e-06
8.999999951,0.116773274,0.001615812858,0.0012119523784116025,0.0010102935650616357,2.0525182993158178e-06
9.018453354,0.1165291747,0.001609060253,0.001206886208531259,0.0010060721220919789,2.0395744338784734e-06
9.121896319,0.1151920107,0.001572486538,0.0011794476438114975,0.0009832073112528514,1.9702824063176093e-06
9.226477155,0.1138708902,0.001536758976,0.0011526441661970108,0.0009608713527637479,1.9033800290237929e-06
9.332208381,0.1125656093,0.001501857571,0.0011264602348477976,0.0009390519759690153,1.8387827772958828e-06
9.439102651,0.1112759653,0.001467762817,0.0011008819948435371,0.0009177366384304662,1.7764105819596218e-06
9.547172757,0.1100017494,0.001434455685,0.0010758955080176875,0.000896913306312743,1.716184577414276e-06
9.656431635,0.1087427594,0.001401917593,0.0010514862916375432,0.0008765706042392763,1.6580315768780096e-06
9.76689236,0.1074987996,0.001370130401,0.0010276403210067015,0.0008566973894805828,1.6018781644082803e-06
9.878568153,0.1062696802,0.001339076409,0.0010043444316766123,0.000837282533531858,1.547648993760242e-06
9.99147238,0.1050552094,0.00130873835,0.0009815860895787383,0.0008183150415980298,1.495285664554281e-06
10.10561855,0.1038551965,0.001279099368,0.0009593524927128523,0.0007997844521926437,1.4447179606864048e-06
10.22102033,0.1026694564,0.001250143013,0.0009376312263448764,0.0007816805248413245,1.3958826779238216e-06
10.33769154,0.1014978046,0.001221853229,0.0009164102711057751,0.0007639932043882956,1.3487202242981463e-06
10.45564612,0.100340062,0.001194214341,0.0008956774622979832,0.000746712863451281,1.3031747669191523e-06
10.5748982,0.09919605511,0.001167211051,0.0008754214038388735,0.0007298299335448817,1.259187717670532e-06
10.69546206,0.09806560807,0.00114082844,0.0008556314004771557,0.0007133348580347749,1.2167058077021299e-06
10.81735212,0.09694854379,0.001115051945,0.0008362966692952676,0.0006972184203905135,1.175675882874989e-06
10.94058297,0.09584468829,0.001089867349,0.0008174061914376531,0.0006814719477962838,1.1360485965033994e-06
10.99999988,0.09532446527,0.001078132143,0.0008086037266586247,0.0006741346586278078,1.1177912254040681e-06
11.06516936,0.09475387566,0.001065260767,0.0007989490708837246,0.0006660869740852491,1.0977669573471092e-06
11.1911262,0.0936759456,0.001041218647,0.0007809150239882053,0.0006510550669351119,1.0607896470220278e-06
11.31846857,0.09261073841,0.001017727773,0.000763294786363166,0.0006363676404866764,1.0250760411056936e-06
11.4472117,0.09155808682,0.0009947752493,0.0007460790245956655,0.0006220165270573741,9.90586656452761e-07
11.57737101,0.09051782937,0.0009723484802,0.0007292578167914428,0.0006079940549993879,9.572649517198284e-07
11.70896206,0.08948981218,0.0009504351603,0.0007128211143569576,0.0005942928941416522,9.250772536568267e-07
11.84200062,0.08847389252,0.0009290232877,0.0006967603216036482,0.000580905303379671,8.939840206190945e-07
11.97650261,0.08746991404,0.0009081011577,0.000681067369269568,0.0005678237266093947,8.639564300490424e-07
12.11248411,0.08647772501,0.0008876573443,0.0006657335477814463,0.0005550410463043018,8.349391345202838e-07
12.24996142,0.08549717436,0.0008676806875,0.0006507500513396018,0.0005425505081816836,8.069144682864902e-07
12.38895097,0.08452812183,0.0008481602963,0.0006361089463527946,0.0005303451290141471,7.798336308024997e-07
12.52946941,0.08357041765,0.0008290855368,0.0006218020502666519,0.0005184184497664126,7.536751503471647e-07
12.67153355,0.08262392843,0.0008104460333,0.0006078218350854857,0.0005067637850865816,7.283980579464853e-07
12.81516039,0.08168850505,0.0007922316507,0.0005941603006759448,0.0004953751139350522,7.039912879342172e-07
12.96036713,0.08076402602,0.000774432493,0.0005808097289443182,0.000484246190953482,6.803931941107491e-07
12.99999959,0.08051735783,0.0007697367041,0.0005772875268372782,0.0004813101868517484,6.742439026418734e-07
13.10717115,0.07985035126,0.0007570389063,0.0005677632571017993,0.00047337096484109306,6.57616478253044e-07
13.25559001,0.07894735481,0.0007400414786,0.0005550146255033022,0.0004627430397151178,6.355887380461394e-07
13.40564148,0.07805488577,0.0007234310072,0.0005425559637183363,0.00045235733413101357,6.14327403324701e-07
13.55734351,0.07717283852,0.0007071985136,0.0005303806861242091,0.0004422079249535822,5.937553950933659e-07
13.71071427,0.0763010658,0.0006913352262,0.0005184818874709964,0.0004322898271791934,5.739109469564189e-07
13.8657721,0.07543947082,0.0006758325938,0.0005068539085363136,0.00042259689332469353,5.546979505563327e-07
14.02253557,0.07458789678,0.0006606822588,0.0004954897998428664,0.00041312479173586546,5.361831396756429e-07
14.18102344,0.07374626359,0.0006458760786,0.0004843833588312652,0.0004038678985950669,5.182343121863372e-07
14.34125468,0.07291442082,0.0006314062071,0.00047352858898395365,0.00039482204863860933,5.00963565757161e-07
14.50324845,0.07209229148,0.0006172658021,0.0004629216236648712,0.0003859816017815095,4.841778188048838e-07
14.66702416,0.07127970045,0.0006034543883,0.00045256291082026686,0.00037734731587003417,4.680313795417753e-07
14.83260141,0.07047657908,0.0005900198193,0.0004424957569730547,0.0003689427410087207,4.5244188521723537e-07
15.0,0.06968295248,0.0005768222383,0.0004326096326439796,0.00036068310674158805,4.3727195247029777e-07
