y-coordinate,Uz_zd25,Ur_zd25,Uz_zd35,Ur_zd35,Uz_zd45,Ur_zd45,Uz_zd55,Ur_zd55,Uz_zd65,Ur_zd65,uu_zd25,uu_zd35,uu_zd45,uu_zd55,uu_zd65,vv_zd25,vv_zd35,vv_zd45,vv_zd55,vv_zd65,uv_zd25,uv_zd35,uv_zd45,uv_zd55,uv_zd65,nut_zd25,nut_zd35,nut_zd45,nut_zd55,nut_zd65
0.0,0.27532093,-0.00011503829,0.19570766,5.516657e-05,0.15265793,-0.00012137154,0.12494047,0.00018475088,0.10483218,-0.00022687475,0.004003438503935086,0.002091729817324396,0.0012688944081151003,0.000821321956179101,0.0006239530364476002,0.0027807877661918338,0.0014979412566495545,0.000888751498949278,0.0005966902671123393,0.00044029723784781244,6.426880988409702e-06,-3.09692513249262e-05,-1.7693826942687796e-05,9.163426219886398e-06,-5.026633370545002e-06,0.03061607186405895,-0.14752985559402118,-0.08428901643028507,0.08932324120541334,-0.044732240192856584
0.0371000886,0.275260027,0.000194610811,0.19569357,8.69776347e-05,0.152650142,6.20660519e-05,0.124936664,4.87279243e-05,0.104828011,2.35634052e-05,0.0040061947359592565,0.002093154060655099,0.0012689899473798394,0.0008212985885511052,0.00062356930978388,0.0027803340066322423,0.001480881474891062,0.0009012177448052015,0.0005901175585893934,0.0004255746567659354,5.5063058909648106e-05,1.9729265555401118e-05,9.948169264085631e-06,6.199484794313465e-06,3.3935694704969432e-06,0.13408921447420746,0.04804458329889906,0.02422571917529203,0.027497965327634606,0.01467337222108642
0.0755173554,0.275051872,0.000404772514,0.195648693,0.000187664549,0.152626381,0.00012412482,0.124923115,8.87328719e-05,0.104814396,7.62307594e-05,0.004010392509295621,0.0020957254273917467,0.0012689432228428395,0.0008215312386967745,0.0006228808911551836,0.0027801350192119103,0.0014821247020170487,0.00090142817202906,0.0005898998734774444,0.00042419934487132133,0.0001132070802901538,3.802972176571554e-05,1.928905383112358e-05,1.1580764839356033e-05,7.123951496867678e-06,0.1376618193040543,0.04624481677715991,0.023455831881190752,0.024334298210612657,0.01567729766493842
0.115298564,0.274675777,0.000621011146,0.195555859,0.000292335457,0.152585269,0.000189538294,0.124899107,0.000145786038,0.104792199,0.000105509422,0.004016195629446259,0.0020977918107721247,0.0012685887841976384,0.0008217418706025544,0.0006218854287443985,0.0027789807251565437,0.0014826356599805805,0.0009015381962351076,0.0005902123804311242,0.00042463327576186923,0.00017200488794678957,5.866347659020745e-05,2.9116950524208914e-05,1.8094410240731932e-05,1.0538524353401022e-05,0.13501854668085267,0.046049024809727036,0.022855910610942356,0.024386572369658625,0.016290880897530623
0.15649214,0.274122612,0.000841398317,0.195402178,0.000400064254,0.152522533,0.000258521541,0.124862635,0.000198438365,0.104761758,0.000141117288,0.004025199090297457,0.0020994921328563107,0.0012679615272639146,0.0008218905808567763,0.0006206689607494362,0.0027772236488721497,0.0014828860685926714,0.000901870043612839,0.0005904049482152961,0.0004246675209110275,0.000232050450611556,8.037648642845478e-05,3.9646234131616655e-05,2.4603440761008225e-05,1.4240962024927696e-05,0.12812836643013711,0.04438046932609204,0.021890960353678435,0.023415466139824235,0.017330500264637394
0.199148226,0.273374431,0.00106923834,0.195179892,0.000514328793,0.152432553,0.000329233909,0.124810511,0.000249799398,0.104723051,0.000179777016,0.004038179575426265,0.002101427758868339,0.0012674129859021922,0.0008220533439188809,0.0006193440892514005,0.002775827529372274,0.0014828184658926913,0.0009020355060331645,0.0005905314442607589,0.00042442524222451814,0.00029403226419911545,0.00010314371272976966,5.052579971696032e-05,3.118998938812762e-05,1.8064979784804188e-05,0.1197831772502598,0.042018795650919746,0.020583254153052198,0.022020539923714562,0.018332704675311503
0.243318747,0.272415141,0.00130175023,0.194883663,0.000635087613,0.152308335,0.000402943862,0.124739054,0.000301851541,0.104675959,0.000218531511,0.004055616453950112,0.00210397019570243,0.0012673609895277778,0.0008223126071850839,0.0006179858074303185,0.002775319966338695,0.001482254543723814,0.0009019731772440765,0.000590596266647196,0.00042412510797870006,0.0003578175915477676,0.00012679761765263355,6.180907428031025e-05,3.792516692721778e-05,2.1916787214355952e-05,0.1109175360128583,0.03930516457141013,0.01915979086649385,0.02062552454330793,0.019248704086671484
0.289057471,0.271238244,0.00153973326,0.194505616,0.000760283408,0.152141187,0.00047930758,0.124644485,0.000355203878,0.104620448,0.000257360908,0.00407896359179645,0.002107528944460549,0.0012680645182310268,0.0008227434590847762,0.0006166065602792939,0.00277512468148805,0.0014813068091395199,0.0009016815612437546,0.0005906466162050538,0.0004238131383630334,0.0004234187743292046,0.00015128105839238068,7.340250684070253e-05,4.481623365668717e-05,2.580018380735322e-05,0.10251202323502756,0.03662597955772705,0.017771152209025625,0.019385153417197154,0.020150842598384466
0.336420073,0.269831453,0.0017816347,0.194032996,0.000888135137,0.151922213,0.000558207462,0.124523007,0.000410197172,0.104556536,0.000296352404,0.004107230471908793,0.0021123835632639795,0.0012696069971826311,0.0008234511276779509,0.0006151709796807028,0.0027744728977957558,0.001480280825978426,0.0009012130074293676,0.0005907553022800831,0.00042351009325264344,0.0004902493081837809,0.00017653205351501956,8.530900905984659e-05,5.1873627679663795e-05,2.9722560402487454e-05,0.0956439236367672,0.0344400654197411,0.016643140973060907,0.018343578897497017,0.021027524306974774
0.385464207,0.268174409,0.0020267049,0.193453859,0.00101860037,0.151645308,0.000640445119,0.124370957,0.000466426023,0.104483957,0.000335309312,0.004137513957500727,0.002118202838008114,0.0012720067615851344,0.0008245711549041482,0.0006136390296221511,0.002773310337248316,0.001479381603286236,0.0009006436570495491,0.0005909314387650685,0.0004232474086652861,0.0005581522212250958,0.00020217257264467216,9.765477367214836e-05,5.909580914978599e-05,3.368599506329242e-05,0.09113600033226876,0.033011065704045314,0.015945229898571594,0.017518570959390023,0.021739994786398015
0.436249572,0.266249307,0.00227321061,0.192765173,0.00115105755,0.151309123,0.000726309343,0.124185282,0.00052325124,0.104401604,0.000374661686,0.004169460422019752,0.0021256315782800655,0.0012752765969708743,0.0008261688345804763,0.0006120198822271838,0.0027714974735225835,0.0014783487365165882,0.0009000010097382708,0.0005911433121398385,0.0004230220716210436,0.0006268536604224529,0.00022831329924129383,0.00011048107328396382,6.646106320375032e-05,3.771564932425565e-05,0.08904737483004511,0.0324329284805043,0.01569433213122293,0.01692405838017744,0.022066864471589002
0.48883799,0.264035048,0.00251580631,0.191963184,0.00128631213,0.150916062,0.000815426807,0.123964012,0.000581112801,0.104306954,0.000415299113,0.004201558027637692,0.0021364666885821393,0.0012796221304121579,0.000828116228863857,0.0006104095472418865,0.0027691789786105643,0.0014771427711042149,0.0008992784441224258,0.000591401622912514,0.0004228055816467414,0.0006952374801804473,0.00025498747990737803,0.000123860043438326,7.39554147634824e-05,4.185218952406821e-05,0.08849759795461969,0.03245765673399528,0.01576629085647356,0.0165553791305163,0.021819649596463993
0.543293473,0.261514996,0.00275170887,0.191039064,0.00142440433,0.150466735,0.000906612145,0.123706114,0.000640863497,0.104195834,0.00045751872,0.004233959967119991,0.0021499449260038994,0.0012854765584397777,0.0008301192590190031,0.000608980277044445,0.0027662879982947633,0.0014757349423046772,0.0008983316574185385,0.0005917312789782129,0.0004226072716208496,0.0007627261658687854,0.0002821601510392528,0.00013770438463050347,8.156089918167932e-05,4.611919709898751e-05,0.08805063566254091,0.032573132756427335,0.01589686986341145,0.016372167555186726,0.021005357930935702
0.599682309,0.258663954,0.00298258418,0.189977481,0.00156499327,0.149954271,0.000998668115,0.123410854,0.000701390844,0.104062975,0.00050090642,0.004268108801085899,0.0021644773128946387,0.00129267840885856,0.0008320874149906829,0.0006079071341493734,0.0027629173816092136,0.0014738189660648546,0.0008972049839960823,0.0005920483888839529,0.0004224831287584028,0.0008296168328633524,0.0003097754727834471,0.00015177315084423086,8.922102995417922e-05,5.0527071738200496e-05,0.0867412896508466,0.03238883656530482,0.015868770156414476,0.016249632614199892,0.01993346417315009
0.658073138,0.255478704,0.00320840174,0.18877188,0.00170767202,0.149367011,0.00109065743,0.123074862,0.000763397271,0.103904164,0.000545747477,0.004302153702480382,0.002178664821265601,0.0013004413249258807,0.0008343737436809565,0.0006072639034611048,0.002759028818274765,0.0014712517462721092,0.0008959300813703858,0.0005922943786066298,0.0004224088176913481,0.000895840371553455,0.00033795366836120237,0.00016587416065595825,9.693533922049842e-05,5.513590164720577e-05,0.08484615089816469,0.03200801041444457,0.015710147155700117,0.01612095263733319,0.018944976922389712
0.718537039,0.251964229,0.00342480275,0.187424491,0.00185071366,0.14869724,0.00118227076,0.122695088,0.000827232352,0.103716266,0.00059281798,0.004332732104435577,0.002192021473390919,0.0013080388163823967,0.0008374338806722576,0.0006071131670172432,0.0027541640461235927,0.0014680389689486894,0.000894699723850049,0.0005924164546358046,0.0004223466628425887,0.0009600822156191702,0.0003664768302877529,0.00017998078205529758,0.00010478623377491301,5.999888269673732e-05,0.08307022400001723,0.03170906812724015,0.015572670379473406,0.015988095882070324,0.018092791312447114
0.781147611,0.248102974,0.00362972074,0.185943468,0.00199160501,0.147942482,0.00127344597,0.122267037,0.00089286702,0.103495116,0.00064168821,0.0043601643923553285,0.0022054463081329773,0.0013154032196796804,0.0008411466632406318,0.0006071189641465458,0.0027475352773496135,0.0014644077794841428,0.0008937249003614908,0.0005924196804845964,0.000422310989241147,0.0010216673896165191,0.0003949181685544253,0.0001941184685053025,0.00011276442802958026,6.510831027021765e-05,0.08174016922987978,0.03159607349482829,0.015530765322972935,0.015843674134873448,0.01723917337127483
0.84598107,0.243887035,0.00382350792,0.18431814,0.00213136235,0.147102312,0.00136402888,0.121786759,0.000960136688,0.103233833,0.000692769169,0.004380918758908774,0.0022191093669403986,0.0013227166042546548,0.0008451890322759194,0.0006070410241281118,0.0027387185871856974,0.0014605918145330025,0.000893013351214526,0.0005923838655403564,0.00042227140387848306,0.0010803931400921827,0.0004231666029819711,0.0002082586551172294,0.0001208678795714858,7.043863429990522e-05,0.08072521779311588,0.03161832014740297,0.015560747905346122,0.015746464463832002,0.016452369692734135
0.913116334,0.239285859,0.00400504814,0.182528002,0.00227221561,0.146174277,0.00145464776,0.121252806,0.00102890349,0.102928932,0.000745895983,0.004395304482632124,0.002231094685887995,0.0013299270435272736,0.0008493613371263632,0.0006070687573393758,0.0027267172993962825,0.0014567445262216722,0.000892422887894327,0.0005923785776082659,0.0004221976141825445,0.0011359527954837479,0.0004516676065934888,0.0002225975733923305,0.00012917721773430702,7.597285308671985e-05,0.07992094444670486,0.03177746631589747,0.015661045395362363,0.015765952004960965,0.01587876261430667
0.982635127,0.234307863,0.00416880694,0.180550579,0.00241491404,0.145158093,0.00154696871,0.120665929,0.00109887231,0.102578825,0.000800627618,0.004402817036373227,0.0022411877227647634,0.0013371671366033538,0.000853776078566959,0.0006076883616193754,0.0027113264486970075,0.001452785540179411,0.000891682754810281,0.0005924042046463152,0.00042209484641729566,0.001188442934629031,0.00048046724884277087,0.00023734360712573,0.00013779614386147404,8.164905868301117e-05,0.0791801827683015,0.032011200091343686,0.015813052224480092,0.015896573536670983,0.015531416544390239
1.05462207,0.228984594,0.00431242352,0.178361135,0.00255780054,0.144048399,0.00164080011,0.120025056,0.00117009577,0.102183923,0.000856783739,0.004401331410655157,0.002251532821511776,0.0013447310455368018,0.0008589681321968645,0.0006091863803300707,0.0026932619333841505,0.0014484798163975758,0.000890659089999024,0.0005924183768890281,0.0004219749036245852,0.0012366847111167493,0.0005093654195819871,0.0002524188840754761,0.00014673957368038684,8.74273673863719e-05,0.0781865348313986,0.03220345231250884,0.015958601003523545,0.016024638540396187,0.015413354227143208
1.12916479,0.223318409,0.00443456191,0.1759682,0.00269737669,0.142838327,0.00173489033,0.119322815,0.00124170085,0.101746712,0.000914059086,0.004390003001708727,0.002263496988760001,0.0013522502398410734,0.0008652094204757762,0.0006114607971890555,0.002672511930666377,0.0014434439889922446,0.0008894479845428725,0.0005924284599991093,0.0004218448329873008,0.0012799029496467988,0.0005381172391387421,0.0002676670237343221,0.00015589039219010727,9.333491042577477e-05,0.07691762385552411,0.032338935855776435,0.016085837958109066,0.01610379169005562,0.015490333777560929
1.20635403,0.217305099,0.00453201247,0.173392403,0.0028307398,0.141521401,0.00182722958,0.118554838,0.00131364284,0.10126882,0.000972068756,0.004370271248600198,0.002275296181885593,0.001358957358997201,0.0008721605867937562,0.0006142876958076006,0.0026492376529717644,0.001437604602184696,0.0008880510760619731,0.0005923227104889167,0.0004216961463336086,0.0013171773815374155,0.0005660455938102607,0.00028279000488975846,0.00016513408691394007,9.941826812101208e-05,0.07561851082329848,0.03249640136703619,0.016234836207494805,0.016164349843881286,0.01571579796792568
1.28628375,0.210939867,0.00460029326,0.17062787,0.00295536254,0.140099521,0.00191589706,0.117716209,0.00138493598,0.100752024,0.0010309919,0.004343304210022304,0.002284529679263108,0.0013648099155705584,0.0008794325386683195,0.0006176038599034258,0.0026227065719219983,0.0014309980022571647,0.0008864092064554834,0.0005919516883313014,0.00042152100570213435,0.0013474015515746035,0.0005924606047220103,0.0002974435256086918,0.00017433243872670018,0.00010569293534739439,0.07411132908300729,0.03258719926064987,0.016360330730089058,0.016207707304518693,0.016062760372102598
1.36905124,0.204251605,0.00464013902,0.167672362,0.00306893684,0.138561177,0.00200057884,0.116803318,0.00145495201,0.100197612,0.00108973129,0.0043084474549239735,0.0022914278213409557,0.0013695390283746701,0.0008866241041908755,0.0006214572494974546,0.0025920506798750736,0.001424078546672091,0.0008845500323049443,0.000591160529648597,0.0004213795557155949,0.0013719100177418727,0.0006169889512083839,0.0003115027512483053,0.00018339630170123082,0.00011207654202032052,0.07218895582193588,0.032465531678758264,0.016391059222155467,0.016278465488782607,0.01649540084100805
1.45475726,0.197273969,0.00464718922,0.164502053,0.00317011538,0.136895277,0.0020818287,0.115816739,0.00152322447,0.0996067715,0.00114760071,0.004256465654987038,0.0022949250587851883,0.0013735968350932666,0.0008932034674058783,0.0006257644713467871,0.002556945752353516,0.0014169312884774875,0.0008823710062638564,0.0005899987562139932,0.0004213579596104075,0.0013898867378765857,0.0006391818517431248,0.0003252355784469501,0.00019229568111959667,0.00011841321930579226,0.0702174159111431,0.032291622549956905,0.01643098049543266,0.01638333401826098,0.016972644868262887
1.54350612,0.190026488,0.00461969455,0.161096691,0.00325908281,0.1351058,0.00215852886,0.114754293,0.00158988745,0.0989799774,0.00120391711,0.004189560258385863,0.0022960839488505233,0.0013778662063600004,0.0008991626380701525,0.0006305235738954876,0.0025179885322647003,0.0014085703292375626,0.000879960579160547,0.0005885761248963325,0.00042144593759224923,0.0014001096890307594,0.0006590225136140183,0.0003386423755466121,0.00020108550272567713,0.00012466847766072665,0.06836841522276321,0.032180567854725034,0.01653616336261569,0.016496965935552634,0.017399153376703426
1.63540588,0.182529031,0.00455811846,0.157482509,0.00333399358,0.133193769,0.00223173124,0.113613372,0.00165576295,0.098311729,0.0012594181,0.004113526942201032,0.002295570359064924,0.001381156199574643,0.0009047176027896144,0.0006355954410305585,0.0024729850261046072,0.0013985132968085188,0.0008773221986724081,0.0005869671860534073,0.0004215663810493924,0.0014020251643129876,0.000676497256031708,0.0003518023617493565,0.0002097668020178326,0.00013088561805510508,0.06624347429928583,0.03196342671597703,0.01662210586668831,0.01660140322647316,0.01766594292057107
1.73056838,0.174779431,0.00446408546,0.153689332,0.00339170724,0.131144293,0.00230026371,0.112389205,0.00171925948,0.0975931347,0.00131485092,0.004025959899316235,0.0022917572293937732,0.0013834342135301513,0.0009098057994679741,0.0006409191594276553,0.0024205546210058168,0.0013868958019981317,0.000874144328864457,0.0005851719548404301,0.0004216063270581752,0.0013960945333658266,0.0006919892699448364,0.000364398559038493,0.0002182442668540866,0.00013709782705402106,0.06370557747932006,0.031576354607627005,0.01662797187538041,0.01667513202519843,0.01777586009648308
1.82910947,0.166782836,0.00433090914,0.149709456,0.00343219918,0.128946194,0.00236416664,0.111076637,0.00177961692,0.096816664,0.00136964384,0.0039257319157971066,0.0022841426841840665,0.0013855231529143683,0.0009148074127702296,0.0006462560719111051,0.0023601148660210643,0.0013740391787888072,0.0008704052470983111,0.0005831692226180497,0.00042151615675155003,0.0013815746711724791,0.0007059019078785539,0.0003763535237902319,0.00022640837537810197,0.00014325448754305025,0.06095660131711889,0.031145172291722412,0.016605133390658368,0.01676952947829421,0.017794762754838444
1.93114911,0.158601495,0.00414983693,0.14552684,0.00345378108,0.1265956,0.00242466203,0.109679839,0.00183640912,0.0959771692,0.00142356437,0.0038110323837649736,0.002268030439614401,0.001387390560640002,0.0009194773169340781,0.0006510061923545706,0.0022931172634544084,0.0013598134862514342,0.0008660199490402763,0.0005810516835439809,0.00042131212248446655,0.0013583324188957894,0.0007172586933758127,0.00038792750251493194,0.00023428836938026835,0.0001493488625934186,0.05825542585285773,0.030761402767107142,0.016637224838831347,0.016953644861278573,0.017742122434909177
2.03681149,0.15026339,0.0039175635,0.141140469,0.00345662729,0.124101169,0.00247853456,0.108205367,0.00188884473,0.0950668734,0.00147698891,0.0036778880257079018,0.0022433483104600423,0.0013880043528334378,0.0009229367523953119,0.0006552818819483726,0.0022182441162234678,0.0013438386977780272,0.0008606657084348857,0.0005788685605859512,0.000420878290759737,0.001325494737949735,0.000725665593131201,0.00039905785469709936,0.00024185236078433405,0.000155496461279826,0.05565172460830327,0.0304675232503187,0.01675469332057465,0.017200577726119194,0.017583514730848265
2.14622524,0.141776405,0.00363569226,0.136556324,0.00343899001,0.121471382,0.00252141682,0.106654905,0.00193681501,0.0940734421,0.00152991455,0.0035322284852759775,0.002212210175607021,0.0013847967550100742,0.0009243570394409754,0.0006589436614579478,0.0021341151017905758,0.0013256819977111203,0.0008540192552198211,0.0005766340776170387,0.0004200910294696983,0.0012845520816908748,0.0007307011359616766,0.00040872555627655474,0.000248958889105876,0.00016163671116262743,0.0529771356873445,0.030135370747897874,0.01685654444251579,0.017348597276708136,0.01736871447686886
2.25952355,0.13316778,0.00330523277,0.131805318,0.00340030796,0.118699328,0.0025493546,0.105007944,0.0019812716,0.0929924788,0.00158134518,0.0033738564698715945,0.0021748035469188742,0.001376419932348414,0.000923448296892863,0.0006616937366315506,0.002043507796336118,0.0013050003857771608,0.0008459298431234589,0.0005743421728470334,0.0004190668954216908,0.0012370152396358495,0.0007322363180342687,0.00041639496914629127,0.00025565143877840957,0.0001676084698733678,0.050141002969362324,0.029680364655523015,0.016878095528182733,0.0173353358859986,0.017226384993293802
2.37684433,0.124436004,0.00293014778,0.126906975,0.00333887117,0.115780171,0.00256417255,0.103252142,0.00202088029,0.0918280287,0.00163154758,0.0032015533085119844,0.0021321497963493717,0.0013646927032107594,0.000921247572411835,0.0006635669950719771,0.001948091673987361,0.0012814983093101429,0.0008363846921338265,0.0005715865298534895,0.0004179969084941962,0.0011829863291273287,0.0007300301099005893,0.00042239257668749393,0.0002617262513319188,0.00017347873899834447,0.04723535343270198,0.029149305793843252,0.016865674738525203,0.017281616976671445,0.01716916388228834
2.4983304,0.115607922,0.00251964144,0.12186937,0.00325397104,0.112717148,0.00257086568,0.10138975,0.00205399415,0.090578038,0.00168054541,0.003022017070841914,0.0020864287558030985,0.0013517636467460965,0.0009176357949374995,0.0006645495620705554,0.0018450170970138347,0.0012542544524708414,0.0008258911556553982,0.0005682396240317657,0.00041685523012492795,0.0011239729989365125,0.0007245331393569552,0.00042720265465931933,0.0002670519016300375,0.00017922919699229443,0.044402221417252336,0.028622467717911465,0.016876514720699735,0.017248020498349087,0.01713464932265543
2.62412963,0.106737311,0.00206523489,0.116684985,0.00314551961,0.109519647,0.00256987883,0.0994220693,0.00208325425,0.0892399132,0.00172782096,0.0028302395404892784,0.0020358215755497747,0.0013387449209953921,0.0009130926361059968,0.0006652749720564653,0.0017340510148491266,0.0012225733463831054,0.0008151557957991178,0.000564716683729857,0.0004154254817301847,0.0010580667912580193,0.0007161467314899441,0.000431207808705627,0.0002720037625869805,0.0001848201545044593,0.04154724041915663,0.02812102286400004,0.016932290708802266,0.017238910080299784,0.017130371541176796
2.75439515,0.0978411683,0.00156374161,0.111382368,0.00301260586,0.106195604,0.00256196051,0.0973481921,0.00211029491,0.0878139645,0.00177487566,0.002631419585691075,0.0019770894987125778,0.0013242256910751832,0.0009075670948614986,0.0006659475887927412,0.0016180160121771546,0.0011882287759322936,0.0008044005673452005,0.0005611167913928282,0.00041345881039153953,0.0009862314439582772,0.0007041631854625236,0.000434409591216402,0.0002765734027136678,0.00019027473480084597,0.03878997947062355,0.027695806775773137,0.017085988515530514,0.017220878242904802,0.017173376612875938
2.88928554,0.0889854017,0.00101646095,0.105978594,0.00284951552,0.102778955,0.00254635642,0.0951622538,0.00213206236,0.0863008291,0.00182258991,0.002423883184289639,0.0019106311137831646,0.0013065200091079733,0.0009018711217043864,0.0006665563966525923,0.001498968237137125,0.001151859061301279,0.0007928779859823247,0.0005570557960930712,0.0004110309210199662,0.0009107745440518863,0.0006881883406092211,0.0004365810370948589,0.000280459893580253,0.00019548641865770562,0.03608209539374409,0.02726391236656011,0.017296002320700568,0.01719986009508708,0.01725612407528354
3.02896499,0.0801954663,0.000431928928,0.100440705,0.00265753406,0.0992658374,0.00251655637,0.0928700915,0.00214491855,0.0847024113,0.00186626666,0.0022149801949255636,0.0018368571791029728,0.0012858563252767623,0.000895991834781628,0.0006669201799656323,0.0013765979874011567,0.00111286633271994,0.0007799461540366125,0.0005522283924138658,0.00040833694875377246,0.0008315936552105809,0.0006685857284520877,0.00043655450556764577,0.0002835142310014527,0.00020037573276920272,0.033151793404039974,0.02665342117950681,0.017403409330385745,0.017211891353884175,0.017348641944995025
3.17360354,0.07151024,-0.00020448933,0.0947859627,0.00244005784,0.0956476765,0.00247211526,0.0904783442,0.0021505295,0.0830158992,0.00190325446,0.0020014963351423993,0.0017600164750342078,0.0012616764801513473,0.000889771510826325,0.0006663251500154382,0.0012491129841139161,0.0010710369277374544,0.0007652390941412752,0.0005465521538696298,0.0004053068714604901,0.0007472280390657391,0.0006452019315919174,0.00043432231434080665,0.000285846048686746,0.0002047918075966896,0.030047191961620607,0.02594456481690615,0.017464770150395048,0.017209973628473114,0.01738985809118587
3.32337723,0.0629952411,-0.00087611193,0.089061832,0.00219481752,0.0919457855,0.00241555656,0.0879793367,0.0021488474,0.0812340472,0.0019311044,0.0017800568287528705,0.0016764393808037775,0.001233760778787991,0.0008829585438280335,0.0006645535355081708,0.0011191847878861117,0.001024547766053901,0.000748882537505441,0.0005396757358515133,0.0004019150127963006,0.0006589993892609363,0.0006181074007631034,0.0004307190316711221,0.0002875642070784805,0.0002085271870222723,0.02688103437801515,0.025213022288006363,0.017569322955825008,0.017160428949946113,0.017415999245969635
3.4784684,0.0547215978,-0.00155946,0.0832484743,0.00191134517,0.0881759689,0.00234076007,0.0853688199,0.00213741125,0.0793648308,0.00194958897,0.0015584985742150346,0.0015855767567222404,0.0012025831885462326,0.0008752247088813624,0.0006614144820873726,0.0009916071715084,0.0009732654336411175,0.0007308253472946936,0.0005317680151483734,0.00039843397884805433,0.000571891863905188,0.000588098818736826,0.00042506516886531824,0.0002886392339465161,0.0002113561762664037,0.023744360380261887,0.024417256430157144,0.017648267428942228,0.01707436175658931,0.017460357611511882
3.63906583,0.0467639854,-0.0022526139,0.0773724099,0.00159185873,0.0843447917,0.00224314596,0.0826418589,0.00211805303,0.077412074,0.00195501562,0.001341344639508587,0.0014892241662663825,0.0011666229630836102,0.0008666979275524902,0.0006565994190185246,0.0008665218516175268,0.0009183544747837228,0.0007108251092021356,0.0005232133223621078,0.000394844989925556,0.00048611915453143704,0.0005561738228395466,0.0004170143142511035,0.00028936477935202255,0.0002129615711534041,0.020531248155658356,0.023490007887894165,0.0176126044212426,0.017007505382405436,0.017523870809732413
3.80536501,0.0391885082,-0.0029449224,0.0714905408,0.0012374804,0.0804380997,0.00212316783,0.0798066258,0.00208778696,0.0753922462,0.00194778182,0.0011285830150585326,0.0013918112061235355,0.0011262840266528596,0.0008555577684187738,0.0006515067929185854,0.0007442957910579782,0.0008601005902596159,0.0006889193753656531,0.000514020922609654,0.0003911293579816775,0.00040253722362076374,0.0005217853589745997,0.0004067387794106273,0.0002891036893331604,0.00021374297248267593,0.0171518288450252,0.022232908277332118,0.017330854191159296,0.01687245321596925,0.01763434086990876
3.97756837,0.0320820182,-0.0036238403,0.0656180419,0.000861363348,0.0764007319,0.00198162331,0.0768407046,0.00204005893,0.0733094392,0.0019297422,0.0009219279682148689,0.0012930116572098449,0.0010857677851443216,0.000839883936575539,0.0006450178941815026,0.0006268122754800959,0.0008003974861827222,0.0006650340490572647,0.0005037869555621272,0.0003871498860415392,0.00032340594345849343,0.00048485152273981173,0.0003947821257658994,0.00028721366239327795,0.00021394443251742577,0.013880816111273835,0.02081017669759118,0.016944333283341564,0.01668857281455466,0.017685952420989748
4.15588552,0.0255744495,-0.0042607398,0.05975741,0.000476100052,0.072273227,0.00181983492,0.0737742618,0.00197580587,0.0711520272,0.0019057232,0.0007297508127719498,0.0011931242100919003,0.0010446388990064713,0.0008208279758650594,0.0006376513853304606,0.0005186905223566959,0.0007395112537404855,0.0006393688708639486,0.0004925792251640735,0.0003825654780849818,0.0002518531868477401,0.0004465400889916147,0.00038211108772431314,0.0002842082674806432,0.00021394582303792896,0.010992708481625122,0.019490263693233888,0.01667811254454948,0.016654915563095632,0.017655183145241653
4.34053354,0.0197636356,-0.0048557351,0.0539750879,7.09968793e-05,0.0680879038,0.00164158608,0.0706485769,0.00189911367,0.0689107723,0.00187902652,0.0005550644078704127,0.0010906012861872732,0.0009991431961219452,0.0008005111520047875,0.0006298270310175517,0.00041890502563862795,0.0006784984534431297,0.0006125178461419502,0.00048012655026841915,0.0003770933203371367,0.00018685996988652956,0.0004079316141991568,0.0003679370179055409,0.0002804501208431638,0.00021368250333461856,0.008305842773864574,0.018132379300309566,0.016354637235914064,0.016716473961766766,0.017596832922556933
4.53173718,0.0147984839,-0.0053653807,0.0482983637,-0.0003504797,0.0638197934,0.00143988682,0.0674706611,0.00181217364,0.0665879015,0.00185183912,0.0004082351172614408,0.0009877881339025226,0.0009499058203813159,0.0007785639007289475,0.0006206338638262967,0.00032892571394406753,0.000617000386979888,0.0005842972409455903,0.00046561207569848916,0.00037106287487363764,0.00013248182380632073,0.0003682653950200669,0.000351807938628217,0.00027569037948120664,0.00021317714208359329,0.005962065273748099,0.01657300798018991,0.015832374839514572,0.016760759480298648,0.017648884099082295
4.72972919,0.010698078,-0.0057681195,0.0427462934,-0.00080406645,0.0594410704,0.0012078339,0.0642492453,0.00170056864,0.0642107259,0.00182012809,0.000287931347105916,0.000882552600561116,0.0008934038897022442,0.0007541428583804285,0.0006086064393950692,0.00025103733743371976,0.0005544511071439844,0.0005536421952700108,0.00044988783730064857,0.00036461569073599297,8.9088441924321e-05,0.00032690026238479643,0.00033291462611859346,0.00026945698129915256,0.00021206875011011946,0.004081477180324531,0.014976532671870693,0.015252073334648439,0.0166998018181917,0.017815783706410758
4.93475059,0.00743996829,-0.0060595248,0.0373335797,-0.0012871375,0.0550271413,0.000951014112,0.0609698356,0.00157810702,0.0617921375,0.0017815652,0.00019278847684379446,0.0007722742267837479,0.0008342522903498342,0.0007270850969089723,0.0005954209631810945,0.00018613415219818495,0.0004926040620560937,0.0005199035271587768,0.0004334346082334267,0.00035758616143814894,5.6144446964468593e-05,0.00028437733944110873,0.00031223139908068197,0.0002619289894313941,0.000210476103196385,0.0026523646292157047,0.013434496860596232,0.01475037272299138,0.01654084230581658,0.017959743580852346
5.14705094,0.00493093377,-0.006240752,0.0321479217,-0.0017709989,0.0506126855,0.000683243353,0.0576432085,0.00144053359,0.0593211432,0.00172984922,0.0001218861491558736,0.0006653392203706692,0.0007733612664780898,0.0006966639638255278,0.0005816204694450936,0.000133713323474496,0.0004333897148961988,0.0004850033975205813,0.0004162046759760817,0.00034943758067606536,3.188220006699504e-05,0.00024284997396798613,0.00029064125905464553,0.00025303115392037647,0.0002080216537059717,0.0015751848738894806,0.011998344054519335,0.014359539618629008,0.01630081146363982,0.017939015433919906
5.36688866,0.00312307754,-0.0063220426,0.0271936486,-0.0022510219,0.0462890277,0.000399111391,0.0542641771,0.00128241693,0.0567817056,0.00166050246,7.382803467914755e-05,0.0005607439058197181,0.0007158614445886332,0.0006648553136598357,0.0005665814991549284,9.294448636378523e-05,0.0003761714074057204,0.00044987267909757405,0.00039810346581764934,0.000339992715580334,1.5996868450983206e-05,0.00020223852953950435,0.0002690648067666155,0.0002434942785944417,0.00020448477516820423,0.0008315694414205665,0.01051301894231342,0.013986866976773517,0.01601899993777928,0.017786126899209203
5.59453137,0.0019273558,-0.0063088812,0.0224377062,-0.002719289,0.0420113621,8.86329602e-05,0.0508440573,0.0011032631,0.0541773858,0.00156957367,4.3798481020206356e-05,0.0004592616884824815,0.0006579821645026837,0.0006300515372743166,0.0005502042478779585,6.272884900428656e-05,0.00032012875433447903,0.0004141112901983662,0.00037889490953217837,0.0003296892084944427,6.77787487233096e-06,0.0001631861966548918,0.00024615823961504293,0.00023287972972662436,0.00019973062773888812,0.0003665192885265295,0.00882443093475579,0.013311213993778052,0.015750323149765627,0.017563101024717136
5.83025615,0.00120029777,-0.0062184283,0.0179974887,-0.0031788071,0.0377250951,-0.00025753584,0.0474168804,0.000900852006,0.0515133323,0.00146776482,2.6378036363333027e-05,0.0003646953264933722,0.000594095579695956,0.0005930164431320957,0.0005329986753497768,4.12891254777591e-05,0.0002652244074209896,0.0003780035652911155,0.0003588629636632858,0.0003187217824331704,2.0470799213948916e-06,0.00012628514716172978,0.00022127432805565839,0.0002209526171733979,0.00019404523808909033,0.00011538570064952618,0.007118188222448888,0.012472348105030348,0.015463055767298891,0.017293794204498104
6.07434996,0.000779733095,-0.0060709817,0.0140311493,-0.0036160411,0.0335063404,-0.00061884961,0.0439921538,0.000690533542,0.0487949555,0.00135927671,1.6229001500561723e-05,0.00027921329532110947,0.0005315633429993278,0.0005553760540371452,0.0005140177677530199,2.6815853098265112e-05,0.0002146613367631108,0.00034146214716020287,0.00033879832342737295,0.0003072527628256516,1.7698655062936145e-07,9.343554874903623e-05,0.00019637951068906723,0.00020800752621627725,0.0001876881384233636,1.0525009066507878e-05,0.005556410892357382,0.011678266643024357,0.015117616629133128,0.01689691842551385
6.32710993,0.000550400337,-0.0058858184,0.0106208329,-0.003987533,0.0293783435,-0.00098832594,0.0405853119,0.000473337549,0.0459948713,0.00123014066,1.0215746869030286e-05,0.0002064846665102776,0.0004690263731960077,0.0005170427479797184,0.0004931250140964363,1.7406454262221435e-05,0.000169655409573911,0.0003045220338363231,0.00031773103156470666,0.00029468126095661475,-4.4865126911919933e-07,6.66103599762357e-05,0.00017202035695528038,0.00019433943893985346,0.00018016108266240294,-2.8305085678003616e-05,0.00420239967195789,0.010852640518634861,0.014746692037142796,0.01638380000742346
6.58884372,0.00043343076,-0.0056872768,0.00777681924,-0.0042799168,0.0253601181,-0.001346602,0.0372173731,0.000241711507,0.0431389239,0.00108632502,6.7455149562858225e-06,0.00014517302750836583,0.0004061298499540524,0.00047838875953539655,0.00047054855475000884,1.1302170900181757e-05,0.00013050127418507776,0.00026824674205359596,0.00029578644154738376,0.000280652889950922,-5.890194942456323e-07,4.4553869015839234e-05,0.0001479125557536962,0.00017967674766141775,0.00017184604763155402,-3.9779791399008345e-05,0.003008972763692138,0.00998936481841213,0.014334448798825054,0.015915569337045483
6.85986994,0.00037731516,-0.005483412,0.00549198781,-0.004481062,0.0215000792,-0.0017131339,0.0339136743,-8.8083285e-07,0.0402446343,0.000933752454,4.488926630034174e-06,9.701471289481141e-05,0.0003448230013937273,0.0004393113154735192,0.00044593920005926366,7.444636238256001e-06,9.749432535215601e-05,0.0002323855622406708,0.0002737065182241335,0.000265122474354649,-5.0432952387408e-07,2.7818483019854217e-05,0.0001244171741302049,0.00016478950127838765,0.00016285014996204243,-3.72526124951858e-05,0.0020548294697918163,0.009190151589808179,0.013803256046101242,0.015527844977521894
7.1405185,0.000349132731,-0.0052825235,0.00378473234,-0.0046000147,0.0179052836,-0.0020688664,0.0306361494,-0.00024529939,0.0373569164,0.000769003361,3.0370918461444813e-06,6.237568591455813e-05,0.0002861227342035711,0.00039980592994087977,0.0004206793270834109,5.044478371947751e-06,7.007242075978391e-05,0.00019787942881895103,0.00025158647620926564,0.0002492675668307707,-4.098336438733217e-07,1.6036408399565397e-05,0.00010228415492251103,0.00014989701075976885,0.00015365964373180397,-3.393478414629457e-05,0.0013278364664695147,0.00846926739854095,0.013057628509959666,0.015264132291453021
7.43113104,0.000333973168,-0.0050884197,0.00260466392,-0.0046399608,0.014615746,-0.002404909,0.0273598274,-0.00050182224,0.0344984299,0.000595619196,2.096407493056044e-06,3.980480946385024e-05,0.00023217189586348397,0.0003602893346422092,0.00039351123443478585,3.50054425665191e-06,4.869606227446336e-05,0.000166225028701719,0.00022882751243944138,0.00023309013677335632,-3.2710215267739065e-07,8.615606485974336e-06,8.1552486497114e-05,0.00013450253487188137,0.00014393518191969964,-3.0706774947982426e-05,0.0008087916488465162,0.007655754720101379,0.012167801118448377,0.014973842790162992
7.7320613,0.000324139221,-0.0049023395,0.00183145979,-0.0046119991,0.0116179136,-0.0027170185,0.0241018695,-0.00076695856,0.0316754427,0.000421349292,1.4845154654095133e-06,2.4948543437613156e-05,0.000181241736582935,0.0003192164746049697,0.0003644479197590167,2.47340842673975e-06,3.3430192701599195e-05,0.00013664804847065775,0.00020549633356724273,0.0002171797837741311,-2.5543999339247043e-07,4.1765404031661894e-06,6.25880291826016e-05,0.00011837295002502792,0.00013409115264456845,-2.770251744293262e-05,0.00045294662685046365,0.006787684054962495,0.011190436408680053,0.014593995384375552
8.04367559,0.000314638902,-0.0047250409,0.00134575504,-0.0045314881,0.00898369758,-0.0029979261,0.0208857016,-0.0010495624,0.0288744987,0.000236974368,1.0750431213482344e-06,1.52967639723146e-05,0.00013575129379110213,0.00027691628367575746,0.00033333719482369825,1.7777669933271912e-06,2.254900919955839e-05,0.00011002593009893879,0.00018196470576850625,0.000201894972148911,-1.9350851931890856e-07,1.7662537492750233e-06,4.585295304958884e-05,0.00010177243409697984,0.00012351478691925068,-2.5068871700033358e-05,0.0002288167404004928,0.005940212870800852,0.010227418759887873,0.014077287209166683
8.36635324,0.000306325749,-0.0045557028,0.0010540247,-0.004423521,0.00673830377,-0.0032444374,0.0177984015,-0.0013430893,0.0261149643,2.98812939e-05,7.81737908499589e-07,9.38733223178991e-06,9.72500713032038e-05,0.00023545064104479776,0.0003035539566097255,1.3005334980721569e-06,1.4896448562559002e-05,8.636923425748124e-05,0.00015858629313222553,0.00018658965210827488,-1.5178322756860264e-07,4.578996949686993e-07,3.1132577813949e-05,8.578740771175395e-05,0.0001125025500765637,-2.4242985532091536e-05,7.313624738450081e-05,0.004972529874416795,0.009406283383381231,0.013659316400630573
8.70048704,0.000297993096,-0.0043942407,0.000879417478,-0.0042924094,0.00488772809,-0.0034479145,0.0149058702,-0.0016367919,0.0234721479,-0.00019498735,5.741474897363349e-07,5.908909689388119e-06,6.635412891822495e-05,0.00019738264858075195,0.0002742530899605256,9.652566704635138e-07,9.844379142791641e-06,6.545572540068975e-05,0.00013599933327609437,0.00017132316593333996,-1.245403092377931e-07,-6.397865090850678e-08,1.9416654173568304e-05,7.093867330581138e-05,0.00010106744951782906,-2.544616902701648e-05,-1.3072165751811923e-05,0.003967225286845604,0.008662346650150789,0.013107392504570978
9.04648371,0.000287953852,-0.0042404382,0.000782958832,-0.0041486255,0.00342511906,-0.0035795046,0.0122398882,-0.0019104455,0.0208754666,-0.00042383361,4.2399962811836207e-07,3.870089257393196e-06,4.356856692482471e-05,0.00016139986185150076,0.00024457249523228446,7.308422719807561e-07,6.521743260749748e-06,4.808085031857884e-05,0.00011438205899152975,0.00015577059407103437,-1.0580378614205365e-07,-2.1046312411458365e-07,1.1116766030817676e-05,5.65887990321931e-05,8.927161286951243e-05,-2.9152632954306733e-05,-5.798993052565697e-05,0.003063056735041737,0.007808136924229964,0.012063585179054731
9.40476442,0.000276591391,-0.0040943656,0.000735169599,-0.0040014365,0.00234664161,-0.0036438212,0.00981312774,-0.0021620705,0.0182630535,-0.00066995275,3.1489131842468517e-07,2.6050921807061793e-06,2.7728687454216602e-05,0.0001271153029584425,0.0002157184618561377,5.632480335366394e-07,4.393046036467746e-06,3.402330506243057e-05,9.453550915302976e-05,0.00013918775531276744,-9.192222343345043e-08,-2.428502328710363e-07,5.443201647320131e-06,4.321575099938567e-05,7.751170221572213e-05,-3.683143078737279e-05,-9.730532192971339e-05,0.002180984067254732,0.006840207769024276,0.010921291436830158
9.77576531,0.00026438263,-0.0039557055,0.000704175971,-0.0038565845,0.00161832948,-0.0036438037,0.00764415213,-0.0023736081,0.0157045637,-0.00090988395,2.359652739542831e-07,1.8074206018662072e-06,1.759322689416293e-05,9.771335721341646e-05,0.0001877293699926423,4.4057879726974836e-07,3.0245439943597516e-06,2.341709179586631e-05,7.640685108761439e-05,0.00012188015819753239,-8.133207640453496e-08,-2.3600976496895042e-07,2.382595347043076e-06,3.213668101340025e-05,6.607831065238262e-05,-5.1698016974945353e-05,-0.00015001752537252742,0.0015144757166065746,0.005995446199534692,0.009846869097897335
10.1599379,0.00025141007,-0.0038241748,0.000683631843,-0.0037153113,0.00116904482,-0.003600057,0.00577829343,-0.0025474923,0.013200369,-0.0011525112,1.7889197470259509e-07,1.2761699232364234e-06,1.062357620883117e-05,7.250576303681883e-05,0.000158335416263839,3.498663990449618e-07,2.1341116440923104e-06,1.5626783696751004e-05,6.0398646081440714e-05,0.00010512897293387455,-7.284714583976391e-08,-2.0115918866227436e-07,7.047504875547393e-07,2.2905499620065587e-05,5.49706953166328e-05,-7.897709138252832e-05,-0.00021808634287966478,0.000764053869453184,0.005220617047657585,0.008800316143315326
10.55775,0.00023764975,-0.0036995787,0.000668312769,-0.0035796117,0.000903900218,-0.0035182144,0.00422621763,-0.0026843199,0.0108274895,-0.0013844453,1.375781033249375e-07,9.215859327915527e-07,6.5381345158995525e-06,5.1424780743877183e-05,0.0001307932921273897,2.826038425063095e-07,1.5364062772231102e-06,1.020873133563264e-05,4.666046607446399e-05,8.946121691130792e-05,-6.586068683967497e-08,-1.693099928282026e-07,-1.2518836869260807e-08,1.5327572275939836e-05,4.4919152149074354e-05,-0.0001273522856829046,-0.00032738824343141637,-2.4207195003489725e-05,0.004435242834252331,0.008033449789855252
10.9696858,0.000222993709,-0.0035815844,0.000656098714,-0.003449716,0.000754574476,-0.0034090109,0.0029927316,-0.0027785572,0.00868338391,-0.0015919989,1.0771114974642333e-07,6.717149074875462e-07,4.172899900169326e-06,3.479592467036144e-05,0.0001069315788715531,2.3262958567663805e-07,1.129626019344001e-06,6.6818568836811906e-06,3.503747958632816e-05,7.50304976023988e-05,-6.014055054746025e-08,-1.3428366873477628e-07,-2.0002768645421173e-07,9.65898819484752e-06,3.5799716632997695e-05,-0.00022242409610905416,-0.0004966353544929694,-0.0007397833400486255,0.0037094172158979996,0.007435149721934526
11.3962466,0.000207412309,-0.0034701821,0.000644150056,-0.0033254117,0.000679923744,-0.003284509,0.00205447149,-0.0028238606,0.00680179863,-0.0017718009,8.633438307528852e-08,4.967951423551969e-07,2.7462726423450227e-06,2.270297849677718e-05,8.452313239693012e-05,1.955037928395895e-07,8.452766255031092e-07,4.449676128918999e-06,2.568802171176764e-05,6.216492367075918e-05,-5.551025798853105e-08,-1.0970866722194484e-07,-2.43818243518304e-07,5.4781926944342944e-06,2.7526717234252764e-05,-0.00044246652119113076,-0.000874476431729766,-0.0019434499842311175,0.002955959151972427,0.006682228646564687
11.8379519,0.000190885936,-0.0033650972,0.000631972217,-0.0032067629,0.000647172297,-0.0031577488,0.00139427529,-0.0028300009,0.00511564682,-0.0019305657,7.13417424374039e-08,3.70474018940105e-07,1.8352871279957436e-06,1.4838536615695416e-05,6.412882151302389e-05,1.6808353455215866e-07,6.426334031835899e-07,3.00034961609856e-06,1.869897910599919e-05,5.055524357798351e-05,-5.177347124702073e-08,-9.521284069365089e-08,-2.0762795575500642e-07,2.832123725547761e-06,2.0172318184006076e-05,-0.0008506839011292548,-0.0015644311422045914,-0.003411510859344302,0.0023164302061722936,0.005739108017343588
12.2953391,0.0001734784,-0.0032662659,0.000619436868,-0.0030936314,0.000625628104,-0.0030347331,0.000963902423,-0.0028101673,0.00365124504,-0.0020668251,6.119816583344e-08,2.819502455623506e-07,1.260582815485365e-06,9.56585281893473e-06,4.7480925257875396e-05,1.4826007049719068e-07,5.001417609340397e-07,2.06582741176439e-06,1.3065308246010711e-05,4.0086436706009986e-05,-4.862265769344001e-08,-8.657185483754482e-08,-1.9372468450095722e-07,1.1285037695053677e-06,1.3906568994922504e-05,-0.0013441690348050715,-0.00239327120479404,-0.005355501622830886,0.0014457829105563229,0.0048732995981532745
12.7689651,0.000155362444,-0.0031735222,0.000608185915,-0.0029857413,0.000613855911,-0.002916375,0.000672875705,-0.0027569598,0.00247038854,-0.0021703266,5.4626723294346865e-08,2.2106331679561265e-07,8.781336405303601e-07,5.8722613556207525e-06,3.443178016143667e-05,1.3492684610716105e-07,3.9852181947430894e-07,1.447650849374998e-06,8.82742516118396e-06,3.099055224933244e-05,-4.545913491974323e-08,-7.870889550621035e-08,-1.6215256755737468e-07,1.1497396908165893e-07,9.122304340697165e-06,-0.002376240674091424,-0.004114272725270003,-0.008476041770668337,0.00023618894320517563,0.004175501365137506
13.2594064,0.000137090608,-0.0030864157,0.000598530097,-0.0028833817,0.000607380672,-0.002802201,0.000498975907,-0.0026629983,0.00155558652,-0.0022290664,5.0297483898190345e-08,1.768841749851705e-07,6.272887362808286e-07,3.932825724233527e-06,2.408079597879429e-05,1.2794592679350896e-07,3.220936421051086e-07,1.0392416455990009e-06,6.0500879541971105e-06,2.320792828439104e-05,-4.074366514625441e-08,-6.943287141097493e-08,-1.2509227354092827e-07,-1.0721380791804206e-07,5.510209254024928e-06,-0.0033878811164930107,-0.00577342055685813,-0.010401561809111056,-0.0004004619477539572,0.0033776968431099706
13.7672601,0.0,0.0,0.000588736799,-0.0027864425,0.000601891717,-0.0026912699,0.000408685068,-0.0025558094,0.000850109394,-0.0022394272,0.0,1.4303380450323356e-07,4.555566960067919e-07,2.777853635193835e-06,1.5881218118232954e-05,0.0,2.6277330419375115e-07,7.665681453539907e-07,4.2598292108716386e-06,1.692773691590016e-05,0.0,-5.957516195244263e-08,-1.0418833897858186e-07,-1.6248386156596067e-07,2.8553765868991168e-06,0.0,-0.004553397113766245,-0.007963232770930346,-0.001181412847382837,0.00236857083378555
14.2931443,0.0,0.0,0.00057670864,-0.0026947413,0.000593771961,-0.0025843848,0.000358279618,-0.0024456785,0.000316125847,-0.0022066317,0.0,1.1875641254935036e-07,3.371065343302144e-07,1.932026915325774e-06,1.0214155548858534e-05,0.0,2.157037460743095e-07,5.796171655289592e-07,3.0012100746377507e-06,1.2102561440555109e-05,0.0,-5.2343509725167645e-08,-9.008276932540683e-08,-1.8197524126918706e-07,1.22238679417955e-06,0.0,-0.0029773107852999786,-0.005123928488755247,-0.002276303523772087,0.00142778977627252
14.8376991,0.0,0.0,0.000563294972,-0.0026078535,0.000582991079,-0.0024816869,0.000323714998,-0.0023365614,-6.0282893e-05,-0.0021294067,0.0,1.0055980551951922e-07,2.528790278064157e-07,1.30512267006986e-06,6.582817992811551e-06,0.0,1.7985920253774965e-07,4.4643015036838985e-07,2.083319964030039e-06,8.658438205995108e-06,0.0,-4.4654835737398014e-08,-7.900627642883447e-08,-1.8744357107212282e-07,4.481959207504169e-07,0.0,-0.0021411813737095948,-0.0037883191081564357,-0.0035299880487597098,0.0007706248883284484
15.4015875,0.0,0.0,0.000548878548,-0.0025247781,0.000570613384,-0.0023831508,0.000299828999,-0.0022236761,-0.0003242315,-0.0020219488,0.0,8.586617354541166e-08,1.9205681800006865e-07,8.64678792358658e-07,4.12693532440775e-06,0.0,1.5446493576038945e-07,3.494670044593603e-07,1.5009390322887896e-06,6.1289862501785605e-06,0.0,-3.697896244980112e-08,-7.03091574296931e-08,-1.7995290083677612e-07,6.324115965280003e-08,0.0,-0.0016566951683126593,-0.003149921838938267,-0.006110806545597438,0.00016421274632678188
15.9854958,0.0,0.0,0.000532228287,-0.0024446641,0.00055735599,-0.0022886962,0.000290440347,-0.0021108184,-0.00049893826,-0.0018974161,0.0,7.649789551704566e-08,1.4758433641111994e-07,6.185216298345196e-07,2.6778079727081726e-06,0.0,1.3765261817118984e-07,2.7808321410556087e-07,1.143869922221439e-06,4.240456803460791e-06,0.0,-3.15694137666033e-08,-6.329476363976213e-08,-1.5887014145001513e-07,-1.0041588842998596e-07,0.0,-0.0013685175021599717,-0.0027437947526199155,-0.019413484581498934,-0.00044772977763081446
16.5901348,0.0,0.0,0.000513918123,-0.0023674234,0.00054318011,-0.0021981531,0.000290435575,-0.0020031839,-0.00058763488,-0.001754941,0.0,6.989749385215694e-08,1.1486825110038794e-07,4.452303497744194e-07,1.8782124978073854e-06,0.0,1.2757946513243932e-07,2.2515827896039014e-07,8.968918227807908e-07,2.960488366519e-06,0.0,-2.6457309925721798e-08,-5.745805734515902e-08,-1.3352793217275753e-07,-1.3352009994208003e-07,0.0,-0.0011033215205186677,-0.002396113262235981,0.14006158729524446,-0.001458483218962302
17.2162405,0.0,0.0,1.6946266e-05,-7.686768e-05,0.000527819629,-0.0021114877,0.000291655554,-0.0019030177,-0.00060920001,-0.0016017744,0.0,1.0669998868657243e-08,9.079865624230239e-08,3.543195498209531e-07,1.3920037778159998e-06,0.0,1.759876447714176e-07,1.8576010274871052e-07,7.0532349348671e-07,2.06278274150464e-06,0.0,-3.834915584791712e-08,-5.2467745547936844e-08,-1.1603680843469428e-07,-1.7656904849774407e-07,0.0,-0.0015180823730124608,-0.0020769781734935383,-0.28464079848557955,0.05591482675604971
17.8645751,0.0,0.0,0.0,0.0,0.000510952656,-0.0020286317,0.000289809294,-0.0018045231,-0.00058190922,-0.0014538535,0.0,0.0,7.317113132654564e-08,2.897642031112216e-07,9.182572496789916e-07,0.0,0.0,1.563933357551095e-07,6.046052115663898e-07,1.4517178505377505e-06,0.0,0.0,-4.813544483920472e-08,-1.1671497438230862e-07,-1.7327833217926993e-07,0.0,0.0,-0.0017871827415877413,-0.05079703349940709,0.00309294692360693
18.5359277,0.0,0.0,0.0,0.0,0.000492232428,-0.0019494584,0.000288648978,-0.0017088261,-0.00053461372,-0.0013131484,0.0,0.0,6.032529082522479e-08,1.8312751149955547e-07,5.878589013877615e-07,0.0,0.0,1.3456817666944033e-07,5.431433099587903e-07,1.0333558595774397e-06,0.0,0.0,-4.432995848300464e-08,-7.904220265527421e-08,-1.4533651403604804e-07,0.0,0.0,-0.0015344882937706843,-0.030574319113542192,0.0019691026657466786
19.2311156,0.0,0.0,0.0,0.0,0.000471425667,-0.0018739499,0.000286234731,-0.0016159629,-0.00048088402,-0.0011807499,0.0,0.0,5.0931854493605084e-08,1.2677113076935763e-07,4.029551893086396e-07,0.0,0.0,1.1873058228998977e-07,5.0635585582359e-07,7.552244836499904e-07,0.0,0.0,-4.080209846791665e-08,-4.621486401252005e-08,-1.1039642552659793e-07,0.0,0.0,-0.0013316570745323763,-0.005338697587213377,0.001449824217342536
19.9509851,0.0,0.0,0.0,0.0,0.000448839099,-0.001801754,0.000276138843,-0.0015240994,-0.00042692219,-0.0010558777,0.0,0.0,4.3933062208868174e-08,1.0668847738662135e-07,2.885527126856039e-07,0.0,0.0,1.0829414348399962e-07,4.9869275891964e-07,5.6131693264271e-07,0.0,0.0,-3.6800378020353997e-08,-5.772736506700581e-08,-8.692868105616303e-08,0.0,0.0,-0.0011755004378126023,-0.003514705206581536,0.0011664292411031972
20.6964123,0.0,0.0,0.0,0.0,0.000425556366,-0.0017323226,0.000262042926,-0.0014380619,-0.00037170489,-0.00093967944,0.0,0.0,3.8942041356874034e-08,9.007246793335851e-08,2.1604024675008787e-07,0.0,0.0,1.0282332952923965e-07,4.745547417683903e-07,4.2494230004128637e-07,0.0,0.0,-3.13732096043283e-08,-8.30745419548806e-08,-7.496939388046159e-08,0.0,0.0,-0.00010941377579843784,-0.004572761287137898,0.0010113743576254564
21.4683047,0.0,0.0,0.0,0.0,0.0,0.0,0.00024861315,-0.0013627588,-0.00031444635,-0.00083297158,0.0,0.0,0.0,8.62120526470775e-08,1.691961199716775e-07,0.0,0.0,0.0,4.0737575302256023e-07,3.3109318691230366e-07,0.0,0.0,0.0,-1.0137280204178002e-07,-6.829830298473298e-08,0.0,0.0,0.0,-0.007089161397015467,0.0009133359338458959
22.2676019,0.0,0.0,0.0,0.0,0.0,0.0,0.000239748101,-0.0012991753,-0.0002541797,-0.00073592891,0.0,0.0,0.0,7.50871550668938e-08,1.3240776210790997e-07,0.0,0.0,0.0,3.086765198699102e-07,2.637975884262119e-07,0.0,0.0,0.0,-8.533153895889472e-08,-6.253490556512701e-08,-0.0,-0.0,-0.0,-0.009443357610065341,0.000833265299933238
23.0952768,0.0,0.0,0.0,0.0,0.0,0.0,0.000234030125,-0.0012441608,-0.0001923658,-0.00064860765,0.0,0.0,0.0,4.9185745592484375e-08,9.973441999035998e-08,0.0,0.0,0.0,2.2552050374335987e-07,2.140771773614775e-07,0.0,0.0,0.0,-6.04118624559e-08,-5.704223137837002e-08,-0.0,-0.0,-0.0,-0.006281228366814032,0.0007792924503937556
23.952337,0.0,0.0,0.0,0.0,0.0,0.0,0.000223382353,-0.0011935204,-0.00013095044,-0.00057094768,0.0,0.0,0.0,3.77740836681834e-08,7.067636226380639e-08,0.0,0.0,0.0,1.733826747838402e-07,1.7657516770261754e-07,0.0,0.0,0.0,-4.829507469449883e-08,-5.123096041297919e-08,-0.0,-0.0,-0.0,-0.00037156984197706395,0.0007477071750346414
24.8398257,0.0,0.0,0.0,0.0,0.0,0.0,0.0,0.0,-7.3028535e-05,-0.00050311708,0.0,0.0,0.0,0.0,4.733809687575377e-08,0.0,0.0,0.0,0.0,1.4794874881227358e-07,0.0,0.0,0.0,0.0,-4.52624869858778e-08,-0.0,-0.0,-0.0,0.0,0.0007546008240833446
25.7588232,0.0,0.0,0.0,0.0,0.0,0.0,0.0,0.0,-2.293275e-05,-0.00044557981,0.0,0.0,0.0,0.0,3.11929965774375e-08,0.0,0.0,0.0,0.0,1.2548495092036392e-07,0.0,0.0,0.0,0.0,-3.9439474387777505e-08,-0.0,-0.0,-0.0,-0.0,0.0008388437211436574
26.7104482,0.0,0.0,0.0,0.0,0.0,0.0,0.0,0.0,1.44235869e-05,-0.00039892123,0.0,0.0,0.0,0.0,2.178172294093815e-08,0.0,0.0,0.0,0.0,1.0727035425528707e-07,0.0,0.0,0.0,0.0,-3.427137597284011e-08,-0.0,-0.0,-0.0,-0.0,0.0011642471491054404
27.6958592,0.0,0.0,0.0,0.0,0.0,0.0,0.0,0.0,3.34113804e-05,-0.00036381202,0.0,0.0,0.0,0.0,1.7592561859766496e-08,0.0,0.0,0.0,0.0,9.24856061035196e-08,0.0,0.0,0.0,0.0,-3.014182020568759e-08,-0.0,-0.0,-0.0,-0.0,-0.004796893675653733
28.7162555,0.0,0.0,0.0,0.0,0.0,0.0,0.0,0.0,0.0,0.0,0.0,0.0,0.0,0.0,0.0,0.0,0.0,0.0,0.0,0.0,0.0,0.0,0.0,0.0,0.0,-0.0,-0.0,-0.0,-0.0,0.0
29.7728793,0.0,0.0,0.0,0.0,0.0,0.0,0.0,0.0,0.0,0.0,0.0,0.0,0.0,0.0,0.0,0.0,0.0,0.0,0.0,0.0,0.0,0.0,0.0,0.0,0.0,-0.0,-0.0,-0.0,-0.0,-0.0
30.8670168,0.0,0.0,0.0,0.0,0.0,0.0,0.0,0.0,0.0,0.0,0.0,0.0,0.0,0.0,0.0,0.0,0.0,0.0,0.0,0.0,0.0,0.0,0.0,0.0,0.0,-0.0,-0.0,-0.0,-0.0,-0.0
32.0,0.0,0.0,0.0,0.0,0.0,0.0,0.0,0.0,0.0,0.0,0.0,0.0,0.0,0.0,0.0,0.0,0.0,0.0,0.0,0.0,0.0,0.0,0.0,0.0,0.0,-0.0,-0.0,-0.0,-0.0,-0.0
